virus_group	AC	AG	AT	CA	CG	CT	GA	GC	GT	TA	TC	TG	Baltimore_group	genome_type	n_segments	total_mutations	number_tips	segments
African_swine_fever_virus_Mkuzi_1979	0.04205440537	0.1099649666	0.06012755315	0.05289300626	0.04879988503	0.1896597122	0.1907597707	0.04776090987	0.0488963847	0.06266141732	0.1066801308	0.03974185795	I	dsDNA	1	35621	577	African_swine_fever_virus_Mkuzi_1979
Aleutian_mink_disease_virus	0.05030989894	0.1036838585	0.03597800238	0.1011353897	0.05910509786	0.1486071032	0.2847523312	0.04519014051	0.02395621907	0.04095922687	0.08548633064	0.02083640112	II	ssDNA	1	6550	274	Aleutian_mink_disease_virus
Avian_leukosis_virus_RSA	0.05431176916	0.1639510391	0.06584331091	0.04915335507	0.04032532462	0.1363750948	0.1417116412	0.03429984502	0.04110986279	0.06006295523	0.159572777	0.05328302503	VI	ssRNA-RT	1	51454	318	Avian_leukosis_virus_RSA
Avian_orthoavulavirus_1_JSD0812	0.02561977132	0.1584911953	0.02429813726	0.03809229252	0.01366059738	0.2399480783	0.2050927587	0.01084769772	0.02028957567	0.02357700978	0.2229620289	0.01712085706	V	(-)ssRNA	1	162674	1752	Avian_orthoavulavirus_1_JSD0812
Avian_orthoreovirus_AVS_B	0.03630174275	0.1670168475	0.02331672687	0.02757600767	0.01060364499	0.2510739718	0.1574140208	0.01353021047	0.02645382975	0.02067443658	0.2403957142	0.0256428466	III	dsRNA	9	76225	2623	Avian_orthoreovirus_AVS_B_L1, Avian_orthoreovirus_AVS_B_L2, Avian_orthoreovirus_AVS_B_L3, Avian_orthoreovirus_AVS_B_M1, Avian_orthoreovirus_AVS_B_M2, Avian_orthoreovirus_AVS_B_M3, Avian_orthoreovirus_AVS_B_S2, Avian_orthoreovirus_AVS_B_S3, Avian_orthoreovirus_AVS_B_S4
Beak_and_feather_disease_virus	0.05156620965	0.09039373114	0.0505471146	0.04923371385	0.0792891787	0.1867255388	0.08117671314	0.04877754922	0.08074758514	0.06224027177	0.1460583173	0.07324407672	II	ssDNA	1	11414	583	Beak_and_feather_disease_virus
Betacoronavirus_England_1	0.01639667076	0.06618950181	0.01929020089	0.03859980557	0.008716085129	0.429422837	0.09831239729	0.02427652755	0.1090181951	0.01525607337	0.1523663888	0.02215531674	IV	(+)ssRNA	1	7397	797	Betacoronavirus_England_1
Betapolyomavirus_hominis	0.04157421731	0.1125743417	0.05102290307	0.06670447554	0.06425660487	0.1372847463	0.2187751178	0.08487320953	0.04985271045	0.04928112115	0.0973667434	0.02643380892	I	dsDNA	1	5854	1458	Betapolyomavirus_hominis
Bluetongue_virus	0.01244792671	0.1929192585	0.01919733905	0.0153256271	0.008719905346	0.2786647511	0.2074853398	0.007491574858	0.01215279465	0.02512866042	0.2098084099	0.01065841266	III	dsRNA	9	69450	8987	Bluetongue_virus_10, Bluetongue_virus_1, Bluetongue_virus_3, Bluetongue_virus_4, Bluetongue_virus_5, Bluetongue_virus_6, Bluetongue_virus_7, Bluetongue_virus_8, Bluetongue_virus_9
Bovine_leukemia_virus	0.02856811724	0.2574340453	0.02535821643	0.0137851109	0.004029493956	0.1556657139	0.2482294378	0.01201110183	0.009675609806	0.017749806	0.2002769777	0.0272163692	VI	ssRNA-RT	1	3426	644	Bovine_leukemia_virus
Bovine_viral_diarrhea_virus_1	0.02061793763	0.1652327024	0.03454192288	0.04537369562	0.01320147165	0.2371626848	0.1827725421	0.01100212298	0.01959245052	0.04039719513	0.2178705718	0.01223470251	IV	(+)ssRNA	1	106059	422	Bovine_viral_diarrhea_virus_1
Canine_parvovirus	0.03071651088	0.153130841	0.03150700932	0.03757486799	0.04539245798	0.1485342097	0.2317525208	0.0326094255	0.03548069567	0.04721342271	0.1755296574	0.03055838096	II	ssDNA	1	6036	973	Canine_parvovirus
Capillovirus_mali	0.03011357037	0.1673524649	0.03231038001	0.04138778814	0.01693327779	0.2682853069	0.1837236627	0.01433233419	0.01905357369	0.03020819846	0.1806299496	0.01566949332	IV	(+)ssRNA	1	31933	182	Capillovirus_mali
Cardamom_bushy_dwarf_virus	0.04133837232	0.03981841715	0.09947585864	0.06699589758	0.04428665101	0.2100343304	0.08727034347	0.03783791619	0.09703774098	0.1130059491	0.1105335421	0.05236498101	II	ssDNA	6	4584	962	Cardamom_bushy_dwarf_virus_DNA_U3, Cardamom_bushy_dwarf_virus_M, Cardamom_bushy_dwarf_virus_NC_038808_1, Cardamom_bushy_dwarf_virus_NC_038809_1, Cardamom_bushy_dwarf_virus_NC_038810_1, Cardamom_bushy_dwarf_virus_NC_038816_1
Chicken_anemia_virus	0.05057300134	0.1561552322	0.05163769611	0.06018411644	0.06191264198	0.07841220392	0.1861027208	0.07111897737	0.03870420537	0.05689019028	0.143591834	0.04471718014	II	ssDNA	1	5554	673	Chicken_anemia_virus
Chikungunya_virus	0.02576227246	0.1161995181	0.03343709579	0.03162046033	0.01122870618	0.2732495056	0.1364890895	0.01553534352	0.01933991745	0.04056098533	0.2775013947	0.01907571092	IV	(+)ssRNA	1	18156	6124	Chikungunya_virus
Citrus_tristeza_virus	0.03224463855	0.1795455727	0.04496373905	0.03084375981	0.03379962012	0.2107228535	0.1753252624	0.02999936948	0.03039409803	0.03443964268	0.1723096685	0.02541177518	IV	(+)ssRNA	1	29395	129	Citrus_tristeza_virus
Classical_swine_fever_virus_Alfort_187	0.01006892706	0.1606282034	0.02315514202	0.02562914115	0.005335249227	0.2819205526	0.1640168605	0.006428842462	0.01973410502	0.03111857361	0.263215411	0.008748991943	IV	(+)ssRNA	1	22764	926	Classical_swine_fever_virus_Alfort_187
Columbid_circovirus	0.07558635076	0.1139794178	0.04579173102	0.04446978726	0.05440716989	0.1883962123	0.08016548991	0.03788212366	0.08841781976	0.05715822308	0.1419175653	0.07182810923	II	ssDNA	1	10943	864	Columbid_circovirus
Eastern_equine_encephalitis_virus	0.03463259037	0.1060552112	0.03962876734	0.04712135473	0.01342635861	0.28221173	0.1220485783	0.01147342687	0.02739280665	0.03563404342	0.2623961379	0.01797899463	IV	(+)ssRNA	1	7316	564	Eastern_equine_encephalitis_virus
Enterovirus_B	0.04577463779	0.1470251679	0.05102848898	0.05064735205	0.02433148859	0.2430270425	0.1514164512	0.02314542351	0.02126262299	0.04330361371	0.1801842509	0.0188534598	IV	(+)ssRNA	1	464881	2093	Enterovirus_B
Enterovirus_C	0.03587990487	0.1553206691	0.04665780403	0.0444591103	0.01805941167	0.2418212394	0.145933958	0.01892408653	0.01973542382	0.04857962883	0.2072749326	0.01735383086	IV	(+)ssRNA	1	154978	2413	Enterovirus_C
Epizootic_hemorrhagic_disease_virus_serotype_1_strain_New_Jersey	0.02273731593	0.1890705823	0.03046621071	0.02165288639	0.01446636338	0.2401910459	0.2044441005	0.009817052975	0.0172893031	0.0320124519	0.2042259405	0.01362674645	III	dsRNA	6	14679	787	Epizootic_hemorrhagic_disease_virus_serotype_1_strain_New_Jersey_1, Epizootic_hemorrhagic_disease_virus_serotype_1_strain_New_Jersey_3, Epizootic_hemorrhagic_disease_virus_serotype_1_strain_New_Jersey_4, Epizootic_hemorrhagic_disease_virus_serotype_1_strain_New_Jersey_5, Epizootic_hemorrhagic_disease_virus_serotype_1_strain_New_Jersey_7, Epizootic_hemorrhagic_disease_virus_serotype_1_strain_New_Jersey_9
Equid_alphaherpesvirus_1	0.07275697072	0.1191359162	0.03739302479	0.07460662111	0.0646077956	0.1487737334	0.1415476808	0.0564147533	0.07775474046	0.04051772953	0.1023993528	0.06409168125	I	dsDNA	1	8037	222	Equid_alphaherpesvirus_1
Equine_arteritis_virus	0.02804066116	0.1696230159	0.04619813847	0.01903504096	0.00716169858	0.2768561899	0.1370174684	0.006905389654	0.02216993521	0.03304016095	0.2423530954	0.01159920544	IV	(+)ssRNA	1	5216	94	Equine_arteritis_virus
Feline_calicivirus_NC_075569_1	0.05636923504	0.152860724	0.06394745024	0.04856859904	0.02117639224	0.2067841669	0.1261105139	0.01845610508	0.02360803114	0.06905078485	0.1886328601	0.02443513748	IV	(+)ssRNA	1	161737	278	Feline_calicivirus_NC_075569_1
Feline_infectious_peritonitis_virus	0.04342926821	0.1192803197	0.05847500202	0.05754318228	0.02813745246	0.2449605817	0.1205379371	0.02441410339	0.05074661086	0.04964671522	0.1711842831	0.03164454396	IV	(+)ssRNA	1	112679	269	Feline_infectious_peritonitis_virus
Foot_and_mouth_disease_virus_O	0.03724762769	0.1529958506	0.02884386889	0.03709966477	0.02258340606	0.2291622627	0.1408849498	0.03019931386	0.0224597231	0.03750876068	0.2358626491	0.02515192268	IV	(+)ssRNA	1	145788	2138	Foot_and_mouth_disease_virus_O
Foveavirus_mali	0.04321018988	0.1409896552	0.05462635629	0.05000746855	0.02162082129	0.2210915363	0.1632287542	0.01881993365	0.03219515386	0.04728283658	0.1813334534	0.02559384081	IV	(+)ssRNA	1	140691	196	Foveavirus_mali
GB_virus_C	0.04943566753	0.1291249337	0.0569239696	0.03687881852	0.03274189745	0.2390511985	0.117222305	0.03103832549	0.03616659139	0.04583559322	0.1900471373	0.03553356232	IV	(+)ssRNA	1	67095	165	GB_virus_C
Gallid_alphaherpesvirus_1_Composite_of_6_strains	0.04115126267	0.1595483277	0.03365336312	0.05599769948	0.04554479558	0.1424208157	0.1667892136	0.04365623712	0.04253684643	0.04332230488	0.164865438	0.0605136957	I	dsDNA	1	5570	112	Gallid_alphaherpesvirus_1_Composite_of_6_strains
Gallid_alphaherpesvirus_2	0.07026803969	0.1242328831	0.04751939375	0.0741701428	0.06268573359	0.1378129105	0.1525328048	0.06328829612	0.06408941379	0.04243785744	0.1107402079	0.0502223165	I	dsDNA	1	7004	103	Gallid_alphaherpesvirus_2
Grapevine_Pinot_gris_virus	0.008007436841	0.1594940407	0.0155112613	0.02619486894	0.002963653055	0.3332675661	0.2406560879	0.006488276878	0.01636815303	0.01254587965	0.1722800193	0.006222756304	IV	(+)ssRNA	1	14806	308	Grapevine_Pinot_gris_virus
Grapevine_leafroll_associated_virus_3	0.01932664606	0.1948084803	0.04831661516	0.03551668166	0.00966053741	0.2581352423	0.1607440398	0.01038750649	0.02150948314	0.03796347234	0.1920037397	0.01162755566	IV	(+)ssRNA	1	8955	137	Grapevine_leafroll_associated_virus_3
Grapevine_rupestris_stem_pitting_associated_virus	0.0274257088	0.1500088883	0.03732158311	0.05293820392	0.01476161455	0.2586753146	0.1862556411	0.01096180181	0.03089062346	0.03068585749	0.18044473	0.0196300328	IV	(+)ssRNA	1	55314	472	Grapevine_rupestris_stem_pitting_associated_virus
Hepatitis_B_virus	0.09414403462	0.136201931	0.05534982344	0.07766107749	0.02643449386	0.1490810194	0.1527318423	0.0289489104	0.02961117316	0.04863894516	0.1510205428	0.05017620639	VII	dsDNA-RT	1	114504	16297	Hepatitis_B_virus
Hepatitis_C_virus_genotype_1	0.03676433042	0.1965123558	0.03322809147	0.02520275283	0.01946060035	0.207113603	0.1541535827	0.02243992915	0.01688472362	0.02783892944	0.2413070867	0.01909401457	IV	(+)ssRNA	1	500742	4007	Hepatitis_C_virus_genotype_1
Hepatitis_C_virus_genotype_3	0.03300438921	0.195120088	0.0304423028	0.02389365252	0.01322981876	0.207711487	0.1561882412	0.01427727323	0.01402088056	0.02904851157	0.2677170299	0.01534632527	IV	(+)ssRNA	1	370237	1355	Hepatitis_C_virus_genotype_3
Hepatitis_C_virus_genotype_6	0.0556425182	0.1548620924	0.05142903258	0.04953253107	0.03796548813	0.2074022237	0.1408733761	0.03850261881	0.02792954328	0.03492478744	0.1743115509	0.0266242374	IV	(+)ssRNA	1	128362	323	Hepatitis_C_virus_genotype_6
Hepatitis_E_virus	0.03749521935	0.1168990058	0.03817606639	0.02900254949	0.02842978819	0.2567727962	0.1010041128	0.02928105143	0.02900103104	0.0313971848	0.2796501973	0.02289099715	IV	(+)ssRNA	1	130151	636	Hepatitis_E_virus
Hepatitis_delta_virus_NC_001653_2	0.05167298416	0.1925792189	0.06708374052	0.031834813	0.03281920337	0.1260391138	0.1303109577	0.03942547981	0.0405394187	0.06106305076	0.1785493547	0.04808266457	V	(-)ssRNA	1	42528	840	Hepatitis_delta_virus_NC_001653_2
Hepatovirus_A	0.01658688597	0.1331354476	0.03116768839	0.01893910285	0.01115871465	0.3515506984	0.15489038	0.01037543216	0.01529365649	0.03247057988	0.2097501312	0.01468128234	IV	(+)ssRNA	1	16387	592	Hepatovirus_A
Hop_stunt_viroid	0.05858419497	0.1790072624	0.06834822747	0.01755331685	0.04607745672	0.08557241962	0.1350088444	0.05545006108	0.05062831664	0.07865470621	0.1627338749	0.06238131872	NA	viroid (no Baltimore class)	1	374	460	Hop_stunt_viroid
Human_T_cell_leukemia_virus_type_I	0.03186883036	0.2155054491	0.02212779165	0.01494214228	0.01661121137	0.1473549564	0.288548275	0.01312284825	0.009263186997	0.01867989795	0.2043871951	0.0175882156	VI	ssRNA-RT	1	8490	657	Human_T_cell_leukemia_virus_type_I
Human_adenovirus_1	0.03573160472	0.1137236312	0.03788643597	0.04881746287	0.03209272011	0.2250925987	0.234017747	0.02912748263	0.04366425405	0.04266337102	0.1247191374	0.03246355437	I	dsDNA	1	34611	628	Human_adenovirus_1
Human_alphaherpesvirus_1	0.09730583104	0.1527619361	0.01729823461	0.05175954416	0.04076148396	0.1293835342	0.1238737065	0.04766820619	0.05188216926	0.01833275511	0.1675761322	0.1013964667	I	dsDNA	1	115727	535	Human_alphaherpesvirus_1
Human_alphaherpesvirus_2	0.09224032009	0.169707391	0.02123500417	0.04393944041	0.06646873217	0.1042790338	0.1038233139	0.06866270283	0.04224041577	0.02106285469	0.1722782549	0.09406253622	I	dsDNA	1	64294	526	Human_alphaherpesvirus_2
Human_alphaherpesvirus_3	0.07055887006	0.1451210803	0.03190161678	0.07266646269	0.03849592369	0.1555696691	0.1394439319	0.05202907998	0.05142932113	0.02967220842	0.1453435294	0.06776830653	I	dsDNA	1	7380	335	Human_alphaherpesvirus_3
Human_betaherpesvirus_5	0.05122927129	0.1519964269	0.04603165153	0.04916462732	0.04421097778	0.1672258427	0.170882759	0.04269132535	0.04164324202	0.04206481766	0.1480399217	0.0448191367	I	dsDNA	1	190910	195	Human_betaherpesvirus_5
Human_bocavirus_3	0.05051815093	0.1094559937	0.06111066644	0.06000780847	0.02460751858	0.1312400991	0.3406400006	0.01743247582	0.01366329186	0.06872803686	0.1021632981	0.02043265961	II	ssDNA	1	2618	408	Human_bocavirus_3
Human_coronavirus_229E	0.02770367707	0.08813873555	0.03088446962	0.06494621268	0.01013710727	0.38692823	0.08771891645	0.01234562528	0.09109771916	0.02544662159	0.1482366686	0.0264160167	IV	(+)ssRNA	1	8067	471	Human_coronavirus_229E
Human_coronavirus_NL63	0.01040340394	0.07612843823	0.02729363621	0.04585151517	0.01268706973	0.4903441162	0.1154071741	0.008667576356	0.05537618227	0.01405038617	0.1317942655	0.01199623614	IV	(+)ssRNA	1	6435	392	Human_coronavirus_NL63
Human_coronavirus_OC43	0.02941422275	0.07530041025	0.04406492329	0.0494781714	0.02279230535	0.3605437211	0.09961628954	0.02478189378	0.07819430741	0.03964356327	0.14075511	0.03541508186	IV	(+)ssRNA	1	51035	1275	Human_coronavirus_OC43
Human_gammaherpesvirus_4	0.08498933746	0.1445024664	0.03970483758	0.05461909551	0.04674935942	0.1284239301	0.1399245028	0.04343336684	0.06233101081	0.03301933694	0.1383462499	0.0839565062	I	dsDNA	1	127794	878	Human_gammaherpesvirus_4
Human_gammaherpesvirus_8	0.07074510678	0.1098082155	0.03457766455	0.07821578549	0.0631097325	0.144970153	0.1530033693	0.05445623006	0.06944254373	0.03910810767	0.1141019321	0.06846115927	I	dsDNA	1	37931	298	Human_gammaherpesvirus_8
Human_immunodeficiency_virus_1	0.05063215975	0.1694642427	0.0355742846	0.06120535515	0.02251095767	0.1410901433	0.2635746103	0.01544324058	0.01551988382	0.04112542552	0.1538498788	0.03000981783	VI	ssRNA-RT	1	1428777	33765	Human_immunodeficiency_virus_1
Human_immunodeficiency_virus_2	0.04238400545	0.1804812274	0.03183491212	0.0573153906	0.02977327885	0.1352233562	0.2788800505	0.02432522026	0.01673894576	0.03864943573	0.1426203508	0.02177382643	VI	ssRNA-RT	1	34391	123	Human_immunodeficiency_virus_2
Human_mastadenovirus_B_Human_adenovirus_11	0.04703808878	0.1130754516	0.05163905258	0.05972619919	0.04198370133	0.1966116333	0.1866978075	0.04192021267	0.04881191636	0.05091589682	0.1259620032	0.03561803666	I	dsDNA	1	18731	1168	Human_mastadenovirus_B_Human_adenovirus_11
Human_mastadenovirus_D_Human_adenovirus_type_17	0.07703438021	0.1251808678	0.08386666545	0.06721302128	0.03659808611	0.1510688302	0.1438702207	0.03711490933	0.05398843624	0.07699485261	0.1054040247	0.04166570534	I	dsDNA	1	76283	304	Human_mastadenovirus_D_Human_adenovirus_type_17
Human_mastadenovirus_E	0.07304304338	0.1213803515	0.06982055618	0.05844922003	0.05384154429	0.1490668429	0.1431635732	0.05261714911	0.03870686831	0.06902972372	0.1294632932	0.04141783423	I	dsDNA	1	9833	213	Human_mastadenovirus_E
Human_mastadenovirus_F	0.07189023051	0.1201673931	0.06477828276	0.06274287382	0.05592299623	0.1281138956	0.1180062611	0.06115219333	0.06087264044	0.06828014411	0.1207835757	0.06728951333	I	dsDNA	1	28605	361	Human_mastadenovirus_F
Human_metapneumovirus	0.03332576013	0.1074257967	0.02953185137	0.07746038534	0.02169955798	0.2646166957	0.2088234051	0.01698890965	0.01723923739	0.0326484068	0.1787404028	0.01149959098	V	(-)ssRNA	1	72421	2177	Human_metapneumovirus
Human_orthopneumovirus_B1	0.02477680075	0.1053687314	0.03643020092	0.06949991478	0.01009151229	0.2811598795	0.2016825203	0.006115921687	0.02409930356	0.0407405199	0.1901508281	0.009883866793	V	(-)ssRNA	1	209053	21688	Human_orthopneumovirus_B1
Human_papillomavirus_16	0.08541417111	0.09202310306	0.02476258046	0.04830752886	0.03638955299	0.2184962243	0.2418555628	0.02934223645	0.02963275364	0.02548266219	0.09472706934	0.0735665548	I	dsDNA	1	8548	4110	Human_papillomavirus_16
Human_papillomavirus_type_53	0.06801352686	0.1286625317	0.07812169435	0.07472717111	0.03954633797	0.1509951086	0.1452357595	0.03472042376	0.05310182458	0.07789925188	0.1023320111	0.04664435855	I	dsDNA	1	5393	162	Human_papillomavirus_type_53
Human_papillomavirus_type_6b	0.09015720687	0.1077246038	0.05933139717	0.07844855427	0.04317302987	0.1669006155	0.1373356426	0.04324409506	0.04942182292	0.05624838262	0.1026350358	0.06537961357	I	dsDNA	1	2422	415	Human_papillomavirus_type_6b
Human_parvovirus_B19	0.04099368356	0.1380431238	0.04161479997	0.04200259822	0.03006501767	0.2073601954	0.1798489523	0.02926834802	0.0302776014	0.04626963694	0.1792085192	0.0350475235	II	ssDNA	1	5380	278	Human_parvovirus_B19
Human_respirovirus_1	0.01420633912	0.1156918536	0.019268368	0.04333837906	0.00531919743	0.3423470346	0.2267778092	0.004878634342	0.01833422261	0.01581356539	0.187071114	0.006953482655	V	(-)ssRNA	1	15057	492	Human_respirovirus_1
Human_respirovirus_3_Guangzhou	0.01163249958	0.1070471962	0.01199909957	0.03758940765	0.006193895419	0.3405659322	0.2468425356	0.002970391519	0.01662219092	0.01102502461	0.2015390861	0.005972740602	V	(-)ssRNA	1	40560	1470	Human_respirovirus_3_Guangzhou
Human_rhinovirus_NAT001	0.02409038205	0.1604105222	0.03079379271	0.02886136597	0.01181047767	0.2671045116	0.1832543938	0.0136832186	0.01334743409	0.03129387374	0.2250144362	0.01033559133	IV	(+)ssRNA	1	14266	153	Human_rhinovirus_NAT001
Infectious_bronchitis_virus_Ind_TN92_03	0.03368512022	0.1269082571	0.06399048598	0.04994557673	0.02282007437	0.2614948926	0.1323318213	0.02135649034	0.05118411448	0.05524560057	0.1503644331	0.03067313321	IV	(+)ssRNA	1	352956	1113	Infectious_bronchitis_virus_Ind_TN92_03
Infectious_bursal_disease_virus_1977_from_Schobries_et_al_1977	0.0352986056	0.1607050874	0.04420865838	0.0465069164	0.01252349107	0.222651145	0.1219266092	0.01072375471	0.0218570108	0.04282225625	0.2628631216	0.01791334355	III	dsRNA	2	13644	729	Infectious_bursal_disease_virus_1977_from_Schobries_et_al_1977_A, Infectious_bursal_disease_virus_1977_from_Schobries_et_al_1977_B
Infectious_pancreatic_necrosis_virus	0.08270259834	0.1411901632	0.03420176708	0.08536727288	0.03813746282	0.159891344	0.1388606979	0.03827890701	0.01809530768	0.04131348532	0.2008234058	0.02113758799	III	dsRNA	2	6263	336	Infectious_pancreatic_necrosis_virus_A, Infectious_pancreatic_necrosis_virus_B
Influenza_A_virus_A_Hong_Kong_1073_99_H9N2	0.03225487082	0.1555799508	0.03195304732	0.06531247018	0.01832922256	0.205596677	0.2232595203	0.01681827585	0.03671268856	0.02947662235	0.1614844036	0.02322225062	V	(-)ssRNA	1	70626	16628	Influenza_A_virus_A_Hong_Kong_1073_99_H9N2_4
Influenza_A_virus_A_Korea_426_1968_H2N2	0.0243445147	0.1764253152	0.0212148655	0.07572781174	0.00678579013	0.2343205607	0.2144092513	0.005689440443	0.0243867553	0.01987030184	0.1809616775	0.01586371568	V	(-)ssRNA	1	126596	92414	Influenza_A_virus_A_Korea_426_1968_H2N2_6
Influenza_A_virus_A_New_York_392_2004_H3N2	0.02165374856	0.1696144085	0.02081143761	0.07431643276	0.005651052603	0.215083644	0.2497108211	0.005071485842	0.02768639481	0.02408949403	0.1698715569	0.0164395233	V	(-)ssRNA	1	95766	82651	Influenza_A_virus_A_New_York_392_2004_H3N2_4
Influenza_A_virus_A_Puerto_Rico_8_1934_H1N1	0.02627086056	0.1609807956	0.02417951674	0.06940518146	0.009124945829	0.2219796434	0.2510557283	0.006704014719	0.02955861035	0.02323223885	0.1626872347	0.01482122955	V	(-)ssRNA	1	133403	73012	Influenza_A_virus_A_Puerto_Rico_8_1934_H1N1_4
Influenza_A_virus_A_Shanghai_02_2013_H7N9	0.01740762627	0.1680246426	0.01694679188	0.05778042249	0.005894527384	0.2019269772	0.2628913824	0.005530859063	0.02736100639	0.02041381427	0.1982566323	0.01756531779	V	(-)ssRNA	3	115773	190417	Influenza_A_virus_A_Shanghai_02_2013_H7N9_4, Influenza_A_virus_A_Shanghai_02_2013_H7N9_6, Influenza_A_virus_A_Shanghai_02_2013_H7N9_7
Influenza_A_virus_A_goose_Guangdong_1_1996_H5N1	0.02266961924	0.1624391356	0.02161193608	0.05909724937	0.008222182982	0.2518896419	0.2330749898	0.007203675042	0.02847902553	0.02183937769	0.1666638374	0.01680932946	V	(-)ssRNA	2	150449	116054	Influenza_A_virus_A_goose_Guangdong_1_1996_H5N1_4, Influenza_A_virus_A_goose_Guangdong_1_1996_H5N1_6
Influenza_B_virus_B_Lee_1940	0.01246491639	0.1668119681	0.01126181682	0.05701149852	0.004195697572	0.2524322831	0.2876642372	0.00298829484	0.02177648104	0.01233607788	0.1623565773	0.008700151245	V	(-)ssRNA	8	134947	182564	Influenza_B_virus_B_Lee_1940_1, Influenza_B_virus_B_Lee_1940_2, Influenza_B_virus_B_Lee_1940_3, Influenza_B_virus_B_Lee_1940_4, Influenza_B_virus_B_Lee_1940_5, Influenza_B_virus_B_Lee_1940_6, Influenza_B_virus_B_Lee_1940_7, Influenza_B_virus_B_Lee_1940_8
Influenza_C_virus_C_Ann_Arbor_1_50	0.01239421509	0.1480524994	0.01373645576	0.04252007992	0.002624819336	0.2903229622	0.2740958435	0.00525633754	0.01457086605	0.01788487411	0.1697825473	0.008758499797	V	(-)ssRNA	7	5883	1651	Influenza_C_virus_C_Ann_Arbor_1_50_1, Influenza_C_virus_C_Ann_Arbor_1_50_2, Influenza_C_virus_C_Ann_Arbor_1_50_3, Influenza_C_virus_C_Ann_Arbor_1_50_4, Influenza_C_virus_C_Ann_Arbor_1_50_5, Influenza_C_virus_C_Ann_Arbor_1_50_6, Influenza_C_virus_C_Ann_Arbor_1_50_7
Influenza_D_virus_D_swine_Oklahoma_1334_2011	0.01119325515	0.138491407	0.01032311041	0.0507159364	0.004013815403	0.2522538449	0.3104173375	0.005486442931	0.02003141207	0.01152274785	0.1691782492	0.01637244127	V	(-)ssRNA	7	6725	2179	Influenza_D_virus_D_swine_Oklahoma_1334_2011_1, Influenza_D_virus_D_swine_Oklahoma_1334_2011_2, Influenza_D_virus_D_swine_Oklahoma_1334_2011_3, Influenza_D_virus_D_swine_Oklahoma_1334_2011_4, Influenza_D_virus_D_swine_Oklahoma_1334_2011_5, Influenza_D_virus_D_swine_Oklahoma_1334_2011_6, Influenza_D_virus_D_swine_Oklahoma_1334_2011_7
Isavirus_salaris	0.04433275428	0.1756672895	0.05058124575	0.08275895901	0.0254696177	0.1667292608	0.1721784144	0.01696451815	0.04073543667	0.05524230778	0.1379087327	0.03143146326	V	(-)ssRNA	4	3829	1544	Isavirus_salaris_3, Isavirus_salaris_4, Isavirus_salaris_5, Isavirus_salaris_6
JC_polyomavirus	0.05423092719	0.1405722718	0.05137666787	0.06070954432	0.05053279989	0.1547566997	0.1802053092	0.05622685036	0.04435285712	0.04801525448	0.1169480456	0.04207277249	I	dsDNA	1	3468	753	JC_polyomavirus
Japanese_encephalitis_virus	0.01897905906	0.1474971544	0.02003880347	0.0235139233	0.01064133755	0.3018478329	0.1307251524	0.01088985111	0.01769600806	0.02756381904	0.2749128267	0.01569423189	IV	(+)ssRNA	1	17964	652	Japanese_encephalitis_virus
Lelystad_virus	0.02359997534	0.1951192274	0.02538954693	0.02141604487	0.009294563473	0.2551507586	0.1766378075	0.01010822896	0.01737497421	0.02077559623	0.2320957692	0.01303750734	IV	(+)ssRNA	1	21091	232	Lelystad_virus
Lumpy_skin_disease_virus_NI_2490	0.02042860886	0.07868797486	0.03631752686	0.0716513317	0.01701719128	0.2624230023	0.2875964337	0.01940305774	0.06208978478	0.03922149033	0.08422463461	0.02093896296	I	dsDNA	1	3459	244	Lumpy_skin_disease_virus_NI_2490
Lyssavirus_rabies	0.02934763301	0.1738823305	0.01766765828	0.0425991016	0.007238114147	0.2418546365	0.2074060337	0.007069439686	0.02834610968	0.01908781263	0.2044348603	0.02106627	V	(-)ssRNA	1	109100	4780	Lyssavirus_rabies
Maize_streak_virus_A_South_Africa	0.05021512715	0.1019421076	0.07310890555	0.05533414497	0.05021722404	0.2309754309	0.08203461836	0.05150010772	0.1088060731	0.05377740665	0.0878953745	0.05419347943	II	ssDNA	1	9051	1000	Maize_streak_virus_A_South_Africa
Mamastrovirus_1	0.04796318737	0.1195079577	0.0567634227	0.06319436596	0.03737001341	0.1988977131	0.1302985217	0.0363974383	0.04614290626	0.06292452474	0.1695195067	0.03102044198	IV	(+)ssRNA	1	20873	152	Mamastrovirus_1
Mammalian_orthoreovirus_3	0.02600271007	0.1854135783	0.01986426193	0.0304487074	0.008432016335	0.260127646	0.1805985706	0.009525738326	0.01785495154	0.0169463111	0.2262198323	0.01856567607	III	dsRNA	10	65559	1724	Mammalian_orthoreovirus_3_Dearing_L1, Mammalian_orthoreovirus_3_Dearing_L2, Mammalian_orthoreovirus_3_Dearing_L3, Mammalian_orthoreovirus_3_Dearing_M3, Mammalian_orthoreovirus_3_Dearing_S1, Mammalian_orthoreovirus_3_Dearing_S2, Mammalian_orthoreovirus_3_Dearing_S3, Mammalian_orthoreovirus_3_Dearing_S4, Mammalian_orthoreovirus_3_M1, Mammalian_orthoreovirus_3_M2
Mammarenavirus_lassaense	0.01624662465	0.1939651669	0.0305933708	0.02050479662	0.01288092662	0.2278513028	0.2585164114	0.0140540094	0.02217696896	0.02738462135	0.1659428991	0.009882901408	V	(-)ssRNA	1	45494	181	Mammarenavirus_lassaense_L
Measles_morbillivirus	0.02700608962	0.1526608387	0.01915903717	0.04197960986	0.0140346033	0.2361663555	0.204656918	0.01390625661	0.02616154211	0.01744748936	0.2309715258	0.01584973393	V	(-)ssRNA	1	16596	2081	Measles_morbillivirus
Mogiana_tick_virus	0.01797314239	0.1468730277	0.01813281263	0.02078905694	0.009517826722	0.3047002759	0.135547664	0.01328937838	0.01559318383	0.02496249673	0.2799583099	0.01266282491	IV	(+)ssRNA	4	17208	636	Mogiana_tick_virus_MGTV_V4_11_1, Mogiana_tick_virus_MGTV_V4_11_2, Mogiana_tick_virus_MGTV_V4_11_3, Mogiana_tick_virus_SY84_4
Monkeypox_virus_IIb	0.01178853989	0.02941702465	0.02102380155	0.03417149251	0.0120508162	0.390413429	0.3894029587	0.01106915496	0.03629140854	0.0224030937	0.02930684852	0.01266143176	I	dsDNA	1	20516	11233	Monkeypox_virus_IIb
Mumps_orthorubulavirus	0.02865051193	0.1415734088	0.02035970445	0.05033622874	0.00442840722	0.2351484234	0.2025770422	0.004157066375	0.0529226527	0.01911710826	0.2189335073	0.02179593871	V	(-)ssRNA	1	7538	1270	Mumps_orthorubulavirus
Norovirus_GII_17	0.04218875995	0.1504892303	0.04334390996	0.05050951032	0.02949920496	0.1991991123	0.1349186074	0.02858999733	0.0308532192	0.05167845125	0.2090935626	0.02963643442	IV	(+)ssRNA	1	172267	3325	Norovirus_GII_17
Norovirus_GII_Hu_JP_2007_GII_P15_GII_15_Sapporo_HK299	0.04424391912	0.1394523527	0.04745343419	0.04981540419	0.03055094501	0.2072161255	0.1338891275	0.0294166363	0.02965140594	0.05364788054	0.2036484222	0.03101434686	IV	(+)ssRNA	1	42008	420	Norovirus_GII_Hu_JP_2007_GII_P15_GII_15_Sapporo_HK299
Norovirus_GI_Hu_BD_2011_GI_7_PNA2_Dhaka1882	0.04007491583	0.1501010839	0.0477767476	0.04489085959	0.02469238886	0.2313159794	0.1479755195	0.02060543127	0.02257253688	0.05188308972	0.1958902997	0.02222114769	IV	(+)ssRNA	1	21071	123	Norovirus_GI_Hu_BD_2011_GI_7_PNA2_Dhaka1882
Norovirus_GI_Hu_JP_1998_GI_6_PNA4_No20_Saitama_98_17	0.05312186716	0.1385159567	0.05518618843	0.05204294485	0.02810011075	0.2144076944	0.1374672815	0.02615194446	0.02803609031	0.05022746988	0.1908487869	0.02589366459	IV	(+)ssRNA	1	13379	105	Norovirus_GI_Hu_JP_1998_GI_6_PNA4_No20_Saitama_98_17
Norovirus_GV	0.01997237162	0.1324561746	0.02576361692	0.0205726722	0.01730554808	0.3166557957	0.1583211861	0.01858127853	0.01651669203	0.02097052467	0.2397775616	0.01310657792	IV	(+)ssRNA	1	16666	143	Norovirus_GV
Orbivirus_alphaequi	0.0109738654	0.1930500553	0.02206495964	0.008558805335	0.01578675043	0.2599317453	0.208816574	0.01477013779	0.01211819647	0.03758088547	0.2039106679	0.01243735696	III	dsRNA	7	7575	1982	Orbivirus_alphaequi_10, Orbivirus_alphaequi_1, Orbivirus_alphaequi_3, Orbivirus_alphaequi_4, Orbivirus_alphaequi_5, Orbivirus_alphaequi_7, Orbivirus_alphaequi_8
Oropouche_virus	0.01389430915	0.1426551661	0.01607079558	0.02565458818	0.0145638455	0.295836978	0.2558111664	0.01798202283	0.0147151425	0.01660682673	0.1790889038	0.007120255336	V	(-)ssRNA	3	9045	2971	Oropouche_virus_L, Oropouche_virus_M, Oropouche_virus_S
Orthohantavirus_hantanense	0.02840447811	0.1559886897	0.03423656371	0.03547827382	0.01005928133	0.2566285303	0.194738005	0.006731501494	0.01787360827	0.03567628583	0.2059281693	0.0182566132	V	(-)ssRNA	2	18184	746	Orthohantavirus_hantanense_L, Orthohantavirus_hantanense_NC_005218_1
Orthohantavirus_seoulense	0.02324108966	0.1361095911	0.02272621711	0.03489009284	0.009699570138	0.3156590294	0.2096228558	0.008673235645	0.01827068884	0.02093262906	0.1835446502	0.01663035032	V	(-)ssRNA	3	14286	856	Orthohantavirus_seoulense_L, Orthohantavirus_seoulense_M, Orthohantavirus_seoulense_S
Orthonairovirus_haemorrhagiae	0.02221195169	0.1600755688	0.03350002117	0.04007667705	0.01426402082	0.2464807101	0.196859956	0.01200349093	0.02013188895	0.03585171091	0.2051526038	0.01339139973	V	(-)ssRNA	3	67354	1359	Orthonairovirus_haemorrhagiae_L, Orthonairovirus_haemorrhagiae_M, Orthonairovirus_haemorrhagiae_S
Orthopoxvirus_vaccinia	0.04848696425	0.08506338377	0.05493889612	0.083642885	0.03746446408	0.1964803005	0.1996813223	0.04151789869	0.07714197168	0.05541305893	0.0798608194	0.04030803529	I	dsDNA	1	73369	185	Orthopoxvirus_vaccinia
Orthotospovirus_tomatomaculae	0.01952836308	0.1515177767	0.03765996022	0.04226846533	0.008584676287	0.2414242084	0.2381211666	0.009134124626	0.03513554816	0.03708328011	0.1608091033	0.01873332715	V	(-)ssRNA	3	17118	920	Orthotospovirus_tomatomaculae_L, Orthotospovirus_tomatomaculae_M, Orthotospovirus_tomatomaculae_S
Papaya_ringspot_virus	0.02388936573	0.1526241417	0.02856522023	0.03834150805	0.0126148531	0.2702636709	0.2002314558	0.008641200578	0.02403242989	0.03009951925	0.1935900746	0.0171065601	IV	(+)ssRNA	1	35657	122	Papaya_ringspot_virus
Parechovirus_A	0.03855907542	0.1330681562	0.06508614547	0.04939729924	0.01956781156	0.2525397109	0.1315671104	0.01633308249	0.02539571893	0.064892022	0.1835865721	0.0200072953	IV	(+)ssRNA	1	95984	544	Parechovirus_A
Paslahepevirus_balayani_NC_074955_1	0.03593649006	0.1208858097	0.04018760283	0.02604392926	0.02626598469	0.2511023906	0.1030224793	0.02902898193	0.02748383091	0.03041902261	0.2888788788	0.02074459931	IV	(+)ssRNA	1	158770	876	Paslahepevirus_balayani_NC_074955_1
Peach_latent_mosaic_viroid	0.028945837	0.1547973022	0.09187156961	0.05439428002	0.02737725352	0.1700271534	0.1569639758	0.02221531908	0.03314088584	0.09412011579	0.1268191232	0.03932718453	NA	viroid (no Baltimore class)	1	2528	6626	Peach_latent_mosaic_viroid
Pepino_mosaic_virus	0.05782886037	0.08167173901	0.06257109037	0.07035860262	0.02093313797	0.2139831882	0.1397530309	0.02626564055	0.03791172646	0.06961883773	0.1911264821	0.02797766376	IV	(+)ssRNA	1	5707	158	Pepino_mosaic_virus
Peste_des_petits_ruminants_virus	0.02792444186	0.1722611673	0.0219768984	0.04407999052	0.01557847054	0.2301364967	0.1843500579	0.01733281644	0.0254214641	0.01469683783	0.2318218194	0.01441953901	V	(-)ssRNA	1	11715	209	Peste_des_petits_ruminants_virus
Piscine_orthoreovirus	0.04814552967	0.1855975822	0.03942462766	0.02866428857	0.020605106	0.2262124778	0.1514340703	0.01376602087	0.02391539044	0.02500962806	0.2148400952	0.0223851832	III	dsRNA	10	2559	3529	Piscine_orthoreovirus_L1, Piscine_orthoreovirus_L2, Piscine_orthoreovirus_L3, Piscine_orthoreovirus_M1, Piscine_orthoreovirus_M2, Piscine_orthoreovirus_M3, Piscine_orthoreovirus_S1, Piscine_orthoreovirus_S2, Piscine_orthoreovirus_S3, Piscine_orthoreovirus_S4
Plum_pox_virus	0.02630373042	0.1411787356	0.01925863771	0.03426700178	0.0104635852	0.2942697375	0.2082433849	0.009884574847	0.02494082599	0.02405378788	0.1863706699	0.0207653284	IV	(+)ssRNA	1	24991	623	Plum_pox_virus
Porcine_circovirus_2_AUT1	0.03466673042	0.1381681198	0.04825908156	0.03899331712	0.06770871765	0.224074273	0.08519137213	0.05357336623	0.07587177907	0.0458899079	0.1240069073	0.06359642777	II	ssDNA	1	15327	4557	Porcine_circovirus_2_AUT1
Porcine_circovirus_3	0.03923393726	0.1160767375	0.06059205695	0.05368973778	0.07890764492	0.2275034848	0.07551263333	0.04784030186	0.0855184481	0.05324522859	0.1038103282	0.05806946071	II	ssDNA	1	4798	1371	Porcine_circovirus_3
Porcine_epidemic_diarrhea_virus	0.02856637273	0.09149586589	0.02675778744	0.04314777593	0.01251315654	0.3914658106	0.08583896164	0.01567626427	0.06988367001	0.02378976091	0.1819338786	0.02893069547	IV	(+)ssRNA	1	41520	1204	Porcine_epidemic_diarrhea_virus
Porcine_kobuvirus_swine_S_1_HUN_2007_Hungary	0.03952765834	0.1104732833	0.0520608183	0.0322876681	0.01500235083	0.2580839194	0.1011410439	0.01823612086	0.01862491125	0.05766942314	0.2788658715	0.01802693106	IV	(+)ssRNA	1	68816	177	Porcine_kobuvirus_swine_S_1_HUN_2007_Hungary
Porcine_reproductive_and_respiratory_syndrome_virus_2	0.02513770311	0.1983970166	0.03147927754	0.02439351697	0.01101437248	0.2344329364	0.1624984624	0.01151037823	0.02654533407	0.02576534383	0.2327064312	0.01611922722	IV	(+)ssRNA	1	448626	1942	Porcine_reproductive_and_respiratory_syndrome_virus_2
Potato_spindle_tuber_viroid	0.08031765481	0.1136409371	0.09398874499	0.05634533429	0.02069828607	0.1080910495	0.0910494606	0.06705669733	0.08428227096	0.07689988226	0.1353437928	0.07228588933	NA	viroid (no Baltimore class)	1	1423	2621	Potato_spindle_tuber_viroid
Potato_virus_Y	0.02044512834	0.1488690624	0.02985939673	0.0318749992	0.009659090665	0.2855468678	0.1962345399	0.01075170603	0.02347561849	0.03291192012	0.1919586363	0.01841303404	IV	(+)ssRNA	1	32576	899	Potato_virus_Y
Rabbit_hemorrhagic_disease_virus	0.01094456662	0.1709005164	0.01773705088	0.0177822309	0.006926563742	0.2995435022	0.1685836058	0.006139171771	0.01379851941	0.02083140203	0.2588435237	0.007969346621	IV	(+)ssRNA	1	49048	1008	Rabbit_hemorrhagic_disease_virus
Rice_black_streaked_dwarf_virus	0.02545591942	0.1221199877	0.01517409188	0.02973722929	0.008212640769	0.3471400511	0.1830121736	0.005531639195	0.04056163286	0.01578662434	0.1899338652	0.01733414465	III	dsRNA	4	5856	542	Rice_black_streaked_dwarf_virus_10, Rice_black_streaked_dwarf_virus_1, Rice_black_streaked_dwarf_virus_5, Rice_black_streaked_dwarf_virus_8
Rice_yellow_mottle_virus	0.02686143856	0.1699066897	0.0370019013	0.01910207396	0.01174822389	0.2337986235	0.1440709693	0.01016875842	0.01667676381	0.03487008062	0.2712451386	0.02454933836	IV	(+)ssRNA	1	10519	148	Rice_yellow_mottle_virus
Rift_Valley_fever_virus	0.01224635413	0.1770400742	0.0293862914	0.02251374851	0.007334287227	0.2573772691	0.2171868104	0.00744263719	0.01280854229	0.02937735582	0.2177780798	0.009508549868	V	(-)ssRNA	3	6544	1239	Rift_Valley_fever_virus_L, Rift_Valley_fever_virus_M, Rift_Valley_fever_virus_S
Rotavirus_A	0.01920635681	0.1331990906	0.02457978942	0.04287361751	0.01075365447	0.2767131237	0.2602860115	0.01187526407	0.02652006444	0.0255124038	0.1550799514	0.01340067231	III	dsRNA	10	326694	70373	Rotavirus_A_10, Rotavirus_A_11, Rotavirus_A_1, Rotavirus_A_2, Rotavirus_A_3, Rotavirus_A_4, Rotavirus_A_6, Rotavirus_A_7, Rotavirus_A_8, Rotavirus_A_9
Rotavirus_C	0.02003939483	0.2051109667	0.03391507024	0.03343873241	0.009367357948	0.2130671075	0.1811343752	0.006544245008	0.01509238456	0.03635842385	0.2319054297	0.01402651211	III	dsRNA	7	70761	1445	Rotavirus_C_1, Rotavirus_C_2, Rotavirus_C_4, Rotavirus_C_5, Rotavirus_C_6, Rotavirus_C_8, Rotavirus_C_9
Rubella_virus_RVi_Bismarck_ND_USA_23_08_2B	0.02471954924	0.1468508815	0.01424516397	0.01236331603	0.01515503255	0.2261290383	0.0677405229	0.03114740798	0.008753846686	0.01800924605	0.419647402	0.01523859281	IV	(+)ssRNA	1	14499	175	Rubella_virus_RVi_Bismarck_ND_USA_23_08_2B
SFTS_virus_HB29	0.01666301223	0.1839188637	0.07024585409	0.03355666356	0.01136736251	0.2130961145	0.1877086301	0.008119922731	0.01919558952	0.05866608155	0.1848787028	0.01258320268	V	(-)ssRNA	2	17015	3175	SFTS_virus_HB29_M, SFTS_virus_HB29_S
Sapovirus_Hu_Dresden_pJG_Sap01_DE	0.008930848318	0.1547406168	0.01840848327	0.01287873257	0.006975980143	0.3145451559	0.1526982079	0.008328993158	0.01249348974	0.02257277856	0.2820092468	0.005417466854	IV	(+)ssRNA	1	10702	207	Sapovirus_Hu_Dresden_pJG_Sap01_DE
Sapovirus_Mc10	0.045567232	0.1401010955	0.046407533	0.03810933078	0.02319698395	0.2302783928	0.1323396784	0.02638207685	0.02349409802	0.04578033718	0.2202370458	0.02810619571	IV	(+)ssRNA	1	26015	261	Sapovirus_Mc10
Severe_fever_with_thrombocytopenia_syndrome_virus	0.01109078389	0.1696092478	0.05599659617	0.02971886701	0.007803832241	0.2427071107	0.200572609	0.00617486233	0.01500593215	0.05654009681	0.1947683462	0.01001171576	V	(-)ssRNA	2	25658	4627	Severe_fever_with_thrombocytopenia_syndrome_virus_L, Severe_fever_with_thrombocytopenia_syndrome_virus_S
Sugarcane_mosaic_virus	0.02763477379	0.1349238639	0.03685933913	0.04140381316	0.01984009116	0.2656591874	0.1698656171	0.01737105947	0.01888158638	0.03980423853	0.2108906951	0.01686573491	IV	(+)ssRNA	1	34858	210	Sugarcane_mosaic_virus
Suid_alphaherpesvirus_1_Kaplan	0.107780435	0.2041970633	0.04100342637	0.03506125385	0.06690133244	0.06739689787	0.08223771745	0.06780126375	0.03600768653	0.03915978074	0.1594196991	0.09303344359	I	dsDNA	1	28180	137	Suid_alphaherpesvirus_1_Kaplan
Tick_borne_encephalitis_virus	0.02528806843	0.1581300866	0.01932089535	0.02715498476	0.01144829471	0.3049998515	0.1244351719	0.009990816698	0.02083670329	0.02738343485	0.2471107555	0.02390093644	IV	(+)ssRNA	1	33174	574	Tick_borne_encephalitis_virus
Tomato_leaf_curl_New_Delhi_virus_DNA_A	0.0487864277	0.1021049279	0.06558175527	0.0637434063	0.05965292033	0.1840718685	0.1147431606	0.03530558788	0.07649544041	0.05135589713	0.1470532274	0.05110538056	II	ssDNA	1	3403	149	Tomato_leaf_curl_New_Delhi_virus_DNA_A
Tomato_yellow_leaf_curl_virus	0.03502108049	0.08758925769	0.06236530618	0.05041649349	0.04850829952	0.2256690456	0.1263524222	0.0465028076	0.1008626711	0.05888506375	0.1064735442	0.05135400819	II	ssDNA	1	12096	1484	Tomato_yellow_leaf_curl_virus
Torque_teno_virus_TTV_HD14a_gbDhDi33_32	0.09285215155	0.1101323286	0.07729999217	0.08136292835	0.05582251244	0.1249001774	0.1305013533	0.06360791039	0.03587801557	0.06643947734	0.1299066622	0.03129649063	II	ssDNA	1	7917	101	Torque_teno_virus_TTV_HD14a_gbDhDi33_32
Trichovirus_mali	0.03156536609	0.1695659287	0.040086533	0.04218036193	0.02256438763	0.2249619303	0.1896003584	0.01820538634	0.02676092309	0.03237031962	0.1818221463	0.02031635855	IV	(+)ssRNA	1	72725	152	Trichovirus_mali
Turnip_mosaic_virus	0.01682088657	0.1509899388	0.01704202005	0.0258265599	0.00682875605	0.2880462473	0.2116650618	0.007148390752	0.01471074199	0.02230792874	0.2287434513	0.009870016791	IV	(+)ssRNA	1	101123	954	Turnip_mosaic_virus
Usutu_virus	0.008084527682	0.1359520573	0.01451915175	0.01795240996	0.007259444463	0.3810227337	0.1161328994	0.003692994772	0.01359336374	0.02024080598	0.2697087397	0.0118408715	IV	(+)ssRNA	1	10743	1025	Usutu_virus
Varroa_destructor_virus_1	0.02130969553	0.1420456443	0.03695010041	0.02283973023	0.008468664016	0.3326388575	0.1626904129	0.008231469059	0.01993844728	0.03782531469	0.1843560479	0.02270561619	IV	(+)ssRNA	1	28733	397	Varroa_destructor_virus_1
Viral_hemorrhagic_septicemia_virus_Fil3	0.03969803627	0.1487918764	0.01737420417	0.05590685249	0.006796519322	0.199729971	0.1776592021	0.006353534219	0.02013950469	0.01473409651	0.2980821063	0.01473409651	V	(-)ssRNA	1	8447	184	Viral_hemorrhagic_septicemia_virus_Fil3
Watermelon_mosaic_virus	0.01473347061	0.1500105158	0.01929225748	0.02402348617	0.006446808946	0.3092035536	0.2076635552	0.00476188541	0.01664392329	0.0187695439	0.2144450927	0.01400590695	IV	(+)ssRNA	1	22279	186	Watermelon_mosaic_virus
West_Nile_virus_956	0.01863644482	0.1234525806	0.0242662042	0.02393175485	0.01067316491	0.3455520004	0.1114984747	0.01057888137	0.02445282414	0.03098788943	0.2570677408	0.01890203976	IV	(+)ssRNA	1	61996	4979	West_Nile_virus_956
Yellow_fever_virus	0.03051701856	0.1379179986	0.02649539596	0.03324861967	0.01964226147	0.3056826941	0.1175884244	0.01704841881	0.02070165141	0.02800329216	0.2460837249	0.01707050001	IV	(+)ssRNA	1	11054	1367	Yellow_fever_virus
Zaire_ebolavirus	0.03246535238	0.1692031039	0.02265811051	0.02824275501	0.009470624436	0.2103831571	0.1976096564	0.01583060784	0.02547454135	0.02271877568	0.2365425468	0.02940076853	V	(-)ssRNA	1	6930	3356	Zaire_ebolavirus
Zika_virus_MR_766	0.01843290674	0.1461186042	0.02364342445	0.02319126394	0.01024569273	0.2983019592	0.1196295298	0.009267449187	0.01657549483	0.02831234713	0.2906684504	0.01561287744	IV	(+)ssRNA	1	15377	1568	Zika_virus_MR_766
Zucchini_yellow_mosaic_virus	0.02140134556	0.1498608644	0.02711180074	0.03043247781	0.009250781607	0.2815004197	0.1885791577	0.008454271241	0.0217994432	0.0289306358	0.2157152098	0.01696359242	IV	(+)ssRNA	1	14944	178	Zucchini_yellow_mosaic_virus
adeno_associated_virus_2	0.05874743887	0.1100615284	0.03968449442	0.07219282287	0.06597823266	0.1689332771	0.1479252742	0.06604189157	0.04260076636	0.04617038921	0.1386620513	0.04300183309	II	ssDNA	1	8611	458	adeno_associated_virus_2
canine_distemper_virus	0.03074864221	0.1553731534	0.02453724027	0.0516670735	0.009330540299	0.2425940478	0.2071879797	0.009559638387	0.03024094758	0.02314543416	0.1940537725	0.02156153027	V	(-)ssRNA	1	18191	277	canine_distemper_virus
dengue_virus_type_1	0.0133939369	0.1265785127	0.01926104557	0.02365825862	0.009210273943	0.3243079152	0.1408863737	0.0101200358	0.01254314297	0.02669172753	0.2823573368	0.01099144026	IV	(+)ssRNA	1	89311	7602	dengue_virus_type_1
dengue_virus_type_2	0.01142993794	0.1182797731	0.0157170776	0.02161439699	0.007560081515	0.3093684505	0.1545892267	0.009166818468	0.01054969851	0.02547039723	0.3058290487	0.01042509282	IV	(+)ssRNA	1	89827	6605	dengue_virus_type_2
dengue_virus_type_3	0.01002642299	0.126006488	0.01540493827	0.01742985253	0.005187744704	0.324355253	0.1439290118	0.00808524754	0.01032900045	0.02417469358	0.3065501796	0.008521167551	IV	(+)ssRNA	1	46860	3474	dengue_virus_type_3
dengue_virus_type_4	0.01250942426	0.1344613949	0.01962925555	0.01857247796	0.007873460742	0.3056363167	0.1608273005	0.00865290462	0.009845533702	0.02417676179	0.2886824209	0.009132748312	IV	(+)ssRNA	1	36199	1563	dengue_virus_type_4
enterovirus_A114	0.02460206187	0.1499326806	0.02834394929	0.0292162172	0.01710769316	0.2734160957	0.1585928918	0.0170215087	0.01686008932	0.03309201559	0.236054164	0.01576063281	IV	(+)ssRNA	1	314950	5002	enterovirus_A114
enterovirus_D68	0.008517821177	0.1435671154	0.01644623955	0.01595402723	0.007745572213	0.3452488523	0.2031328068	0.01154875808	0.01169796684	0.01779592468	0.2112220234	0.007122892342	IV	(+)ssRNA	1	38849	1853	enterovirus_D68
human_papillomavirus_18	0.09290776184	0.1095956528	0.0553895956	0.06211610925	0.04126744974	0.1590516292	0.1507034098	0.0430581171	0.05639470204	0.05309306723	0.1001731847	0.07624932065	I	dsDNA	1	6507	960	human_papillomavirus_18
rhinovirus_A1	0.03448863089	0.145198046	0.05045592667	0.04073635714	0.01690229737	0.2496554744	0.1377818463	0.01645481791	0.01945593045	0.05198111205	0.2208976379	0.01599192286	IV	(+)ssRNA	1	112657	1204	rhinovirus_A1
rhinovirus_B3	0.03549043595	0.1456104916	0.05277956046	0.04037128076	0.01255546832	0.2565594892	0.1496793018	0.01430187159	0.01667189603	0.05225112207	0.20987843	0.01385065223	IV	(+)ssRNA	1	33533	311	rhinovirus_B3
