Subdir	Sample	A	C	G	T	N	Other
Adeno_associated_virus_1	midpoint_rerooted_NC_002077.1.fa	1129	1409	1279	901	0	0
Adeno_associated_virus_3	midpoint_rerooted_NC_001729.1.fa	1163	1362	1290	911	0	0
Adeno_associated_virus_4	midpoint_rerooted_NC_001829.1.fa	1175	1381	1302	909	0	0
Adeno_associated_virus_7	midpoint_rerooted_NC_006260.1.fa	1156	1360	1287	918	0	0
Adeno_associated_virus_8	midpoint_rerooted_NC_006261.1.fa	1062	1310	1192	829	0	0
African_swine_fever_virus_26544_OG10	treetime_rerooted_NC_044947.1.fa	56480	35162	34996	56268	0	0
African_swine_fever_virus_47_Ss_2008	treetime_rerooted_NC_044955.1.fa	57038	35419	35279	56902	0	0
African_swine_fever_virus_ASFV_Georgia_2007_1	treetime_rerooted_NC_044959.2.fa	58961	36582	36365	58676	0	0
African_swine_fever_virus_BA71	treetime_rerooted_NC_044942.1.fa	55403	34863	34715	55384	0	0
African_swine_fever_virus_BA71V	treetime_rerooted_NC_001659.2.fa	52302	32895	32834	52070	0	0
African_swine_fever_virus_Benin_97_1	treetime_rerooted_NC_044956.1.fa	56195	35055	34930	56104	0	0
African_swine_fever_virus_E75	treetime_rerooted_NC_044958.1.fa	55812	34843	34811	55719	2	0
African_swine_fever_virus_Ken05_Tk1	treetime_rerooted_NC_044945.1.fa	59046	36767	36434	58811	0	0
African_swine_fever_virus_Ken06_Bus	treetime_rerooted_NC_044946.1.fa	56502	35619	35600	56647	0	0
African_swine_fever_virus_Kenya_1950	treetime_rerooted_NC_044944.1.fa	59973	37328	36904	59681	0	0
African_swine_fever_virus_L60	treetime_rerooted_NC_044941.1.fa	56207	35107	34952	56096	0	0
African_swine_fever_virus_Malawi_Lil_20_1_1983	treetime_rerooted_NC_044954.1.fa	57613	36163	36141	57695	0	0
African_swine_fever_virus_Mkuzi_1979	treetime_rerooted_NC_044953.1.fa	59733	36906	36700	59375	0	0
African_swine_fever_virus_NHV	treetime_rerooted_NC_044943.1.fa	52757	33265	33238	52791	0	0
African_swine_fever_virus_OURT_88_3	treetime_rerooted_NC_044957.1.fa	52663	33204	33163	52689	0	0
African_swine_fever_virus_Odintsovo_02_14	treetime_rerooted_NC_044948.1.fa	58549	36412	36170	58202	0	0
African_swine_fever_virus_Pretorisuskop_96_4	treetime_rerooted_NC_044952.1.fa	58475	36691	36550	58608	0	0
African_swine_fever_virus_Tengani_62	treetime_rerooted_NC_044951.1.fa	57007	35859	35742	57081	0	0
African_swine_fever_virus_Warmbaths	treetime_rerooted_NC_044950.1.fa	58704	36799	36620	58650	0	0
African_swine_fever_virus_Warthog	treetime_rerooted_NC_044949.1.fa	57589	35891	35738	57310	0	0
Aleutian_mink_disease_virus	treetime_rerooted_NC_001662.1.fa	1737	915	946	1203	0	0
Avian_leukemia_virus	midpoint_rerooted_NC_015116.1.fa	1876	1792	2131	1690	0	0
Avian_leukosis_virus_RSA	midpoint_rerooted_NC_001408.1.fa	1764	1759	2110	1653	0	0
Avian_orthoavulavirus_1_JSD0812	treetime_rerooted_NC_039223.1.fa	4416	3679	3542	3555	0	0
Avian_orthoavulavirus_1_chicken_N_Ireland_Ulster_67	treetime_rerooted_NC_075404.1.fa	4389	3658	3561	3578	0	0
Avian_orthoreovirus_AVS_B_L1	treetime_rerooted_NC_015126.1.fa	885	990	865	1218	0	0
Avian_orthoreovirus_AVS_B_L2	treetime_rerooted_NC_015127.1.fa	834	855	872	1268	0	0
Avian_orthoreovirus_AVS_B_L3	treetime_rerooted_NC_015128.1.fa	805	981	818	1303	0	0
Avian_orthoreovirus_AVS_B_M1	treetime_rerooted_NC_015129.1.fa	475	562	507	739	0	0
Avian_orthoreovirus_AVS_B_M2	treetime_rerooted_NC_015130.1.fa	524	498	522	614	0	0
Avian_orthoreovirus_AVS_B_M3	treetime_rerooted_NC_015131.1.fa	447	508	484	557	0	0
Avian_orthoreovirus_AVS_B_S2	treetime_rerooted_NC_015133.1.fa	293	353	324	354	0	0
Avian_orthoreovirus_AVS_B_S3	midpoint_rerooted_NC_015134.1.fa	266	306	308	322	0	0
Avian_orthoreovirus_AVS_B_S4	treetime_rerooted_NC_015135.1.fa	242	299	307	344	0	0
Beak_and_feather_disease_virus	treetime_rerooted_NC_001944.1.fa	426	455	607	505	0	0
Betacoronavirus_England_1	treetime_rerooted_NC_038294.1.fa	7893	6114	6311	9793	0	0
Betapolyomavirus_hominis	midpoint_rerooted_NC_001538.1.fa	1546	1023	1013	1571	0	0
Bluetongue_virus_1	treetime_rerooted_NC_006023.1.fa	1243	608	968	1125	0	0
Bluetongue_virus_10	treetime_rerooted_NC_006015.1.fa	243	153	226	200	0	0
Bluetongue_virus_3	treetime_rerooted_NC_006014.1.fa	814	520	681	757	0	0
Bluetongue_virus_4	treetime_rerooted_NC_006024.2.fa	600	310	518	552	0	0
Bluetongue_virus_5	treetime_rerooted_NC_006025.1.fa	552	280	429	508	0	0
Bluetongue_virus_6	treetime_rerooted_NC_006010.1.fa	534	265	435	404	0	0
Bluetongue_virus_7	treetime_rerooted_NC_006022.1.fa	319	230	281	326	0	0
Bluetongue_virus_8	treetime_rerooted_NC_006007.1.fa	366	166	329	264	0	0
Bluetongue_virus_9	treetime_rerooted_NC_006008.2.fa	340	161	350	198	0	0
Bocaparvovirus_primate1_Salvador1	treetime_rerooted_NC_075120.1.fa	1876	1199	1094	1374	0	0
Bocaparvovirus_primate1_st2	treetime_rerooted_NC_007455.1.fa	1805	1138	1038	1318	0	0
Bocavirus_gorilla_GBoV1_2009	treetime_rerooted_NC_014358.1.fa	1685	1052	961	1246	0	0
Bovine_leukemia_virus	midpoint_rerooted_NC_001414.1.fa	1846	2794	1776	2003	0	0
Bovine_respiratory_syncytial_virus_ATCC51908	midpoint_rerooted_NC_038272.1.fa	6099	2457	2263	4321	0	0
Bovine_viral_diarrhea_virus_1	midpoint_rerooted_NC_001461.1.fa	4112	2564	3211	2686	0	0
Bovine_viral_diarrhea_virus_1_SD1	midpoint_rerooted_NC_076029.1.fa	4031	2513	3135	2629	0	0
Camel_alphacoronavirus	treetime_rerooted_NC_028752.1.fa	7450	4477	5929	9533	0	6
Canine_parvovirus	treetime_rerooted_NC_001539.1.fa	1916	858	1055	1494	0	0
Capillovirus_mali	midpoint_rerooted_NC_001749.2.fa	2007	1179	1469	1840	0	0
Cardamom_bushy_dwarf_virus_DNA_U3	treetime_rerooted_NC_038813.1.fa	334	200	289	265	0	0
Cardamom_bushy_dwarf_virus_M	treetime_rerooted_NC_038815.1.fa	341	208	295	239	0	0
Cardamom_bushy_dwarf_virus_NC_038808_1	treetime_rerooted_NC_038808.1.fa	382	177	256	282	0	0
Cardamom_bushy_dwarf_virus_NC_038809_1	treetime_rerooted_NC_038809.1.fa	319	164	265	280	0	0
Cardamom_bushy_dwarf_virus_NC_038810_1	treetime_rerooted_NC_038810.1.fa	343	202	264	277	0	0
Cardamom_bushy_dwarf_virus_NC_038816_1	treetime_rerooted_NC_038816.1.fa	348	211	295	248	0	0
Chicken_anemia_virus	treetime_rerooted_NC_001427.1.fa	588	664	647	420	0	0
Chikungunya_virus	treetime_rerooted_NC_004162.2.fa	3512	2976	2983	2355	0	0
Chimpanzee_adenovirus_Y25	midpoint_rerooted_NC_017825.1.fa	7892	10917	10697	7205	0	0
Citrus_tristeza_virus	treetime_rerooted_NC_001661.1.fa	4728	3794	4941	5833	0	0
Classical_swine_fever_virus	treetime_rerooted_NC_002657.1.fa	3847	2608	3227	2619	0	0
Classical_swine_fever_virus_Alfort_187	treetime_rerooted_NC_038912.1.fa	3849	2617	3207	2625	0	0
Columbid_circovirus	treetime_rerooted_NC_002361.1.fa	463	559	589	426	0	0
Coxsackievirus_A2	treetime_rerooted_NC_038306.1.fa	2017	1788	1801	1788	3	1
Coxsackievirus_B3	treetime_rerooted_NC_038307.1.fa	2154	1846	1834	1565	0	0
Deformed_wing_virus	treetime_rerooted_NC_004830.2.fa	2976	1558	2248	3292	0	66
Duck_coronavirus	treetime_rerooted_NC_048214.1.fa	8042	4349	5993	9370	0	0
Eastern_equine_encephalitis_virus	outgroup_rerooted_NC_003899.1.fa	3462	3045	2741	2427	0	0
Enterovirus_A	treetime_rerooted_NC_001612.1.fa	2085	1817	1733	1778	0	0
Enterovirus_B	treetime_rerooted_NC_001472.1.fa	2164	1823	1801	1601	0	0
Enterovirus_C	treetime_rerooted_NC_002058.3.fa	2240	1784	1686	1730	0	0
Epizootic_hemorrhagic_disease_virus_serotype_1_strain_New_Jersey_1	treetime_rerooted_NC_013396.1.fa	1396	584	895	1067	0	0
Epizootic_hemorrhagic_disease_virus_serotype_1_strain_New_Jersey_3	treetime_rerooted_NC_013398.1.fa	923	452	655	738	0	0
Epizootic_hemorrhagic_disease_virus_serotype_1_strain_New_Jersey_4	treetime_rerooted_NC_013399.1.fa	627	304	525	527	0	0
Epizootic_hemorrhagic_disease_virus_serotype_1_strain_New_Jersey_5	treetime_rerooted_NC_013400.1.fa	576	310	445	472	0	0
Epizootic_hemorrhagic_disease_virus_serotype_1_strain_New_Jersey_7	midpoint_rerooted_NC_013402.1.fa	379	203	259	321	0	0
Epizootic_hemorrhagic_disease_virus_serotype_1_strain_New_Jersey_9	treetime_rerooted_NC_013404.1.fa	414	187	338	204	0	0
Equid_alphaherpesvirus_1	midpoint_rerooted_NC_001491.2.fa	32803	43269	41884	32268	0	0
Equine_arteritis_virus	treetime_rerooted_NC_002532.2.fa	2651	3233	3353	3467	0	0
Feline_calicivirus_NC_075569_1	treetime_rerooted_NC_075569.1.fa	2173	1702	1624	2191	0	0
Feline_calicivirus_Urbana	treetime_rerooted_NC_001481.2.fa	2207	1682	1592	2202	0	0
Feline_infectious_peritonitis_virus	treetime_rerooted_NC_002306.3.fa	8804	4873	5945	9733	0	0
Foot_and_mouth_disease_virus_O	treetime_rerooted_NC_039210.1.fa	2068	2434	2068	1631	0	0
Foveavirus_mali	treetime_rerooted_NC_003462.2.fa	2592	1764	2189	2787	0	0
GB_virus_C	midpoint_rerooted_NC_001710.1.fa	1612	2642	3089	2048	0	1
Gallid_alphaherpesvirus_1_Composite_of_6_strains	midpoint_rerooted_NC_006623.1.fa	38291	35770	35788	38838	0	0
Gallid_alphaherpesvirus_1_SA2	midpoint_rerooted_NC_075683.1.fa	39395	36747	36784	40049	0	0
Gallid_alphaherpesvirus_2	midpoint_rerooted_NC_002229.3.fa	49579	39283	39107	49905	0	0
Grapevine_Pinot_gris_virus	treetime_rerooted_NC_015782.2.fa	2259	1190	1543	2267	0	0
Grapevine_leafroll_associated_virus_3	midpoint_rerooted_NC_004667.1.fa	4794	3469	4697	4959	0	0
Grapevine_rupestris_stem_pitting_associated_virus	treetime_rerooted_NC_001948.1.fa	2454	1666	2029	2594	1	0
Hepatitis_B_virus	midpoint_rerooted_NC_003977.2.fa	734	848	694	906	0	0
Hepatitis_C_virus_genotype_1	midpoint_rerooted_NC_004102.1.fa	1803	3143	2798	1902	0	0
Hepatitis_C_virus_genotype_2	midpoint_rerooted_NC_009823.1.fa	1948	2976	2748	2039	0	0
Hepatitis_C_virus_genotype_3	treetime_rerooted_NC_009824.1.fa	1966	2820	2639	2031	0	0
Hepatitis_C_virus_genotype_4	midpoint_rerooted_NC_009825.1.fa	1933	2821	2619	1981	1	0
Hepatitis_C_virus_genotype_6	midpoint_rerooted_NC_009827.1.fa	1996	2853	2671	2108	0	0
Hepatitis_C_virus_isolate_H77	midpoint_rerooted_NC_038882.1.fa	1814	3105	2798	1882	0	0
Hepatitis_E_virus	treetime_rerooted_NC_001434.1.fa	1174	2193	1886	1923	0	0
Hepatitis_delta_virus_NC_001653_2	midpoint_rerooted_NC_001653.2.fa	345	513	479	345	0	0
Hepatitis_delta_virus_NC_076110_1	midpoint_rerooted_NC_076110.1.fa	326	522	493	343	0	3
Hepatitis_delta_virus_dFr2005	midpoint_rerooted_NC_076107.1.fa	323	523	492	342	0	7
Hepatitis_delta_virus_dFr2072	midpoint_rerooted_NC_076106.1.fa	318	517	500	342	0	4
Hepatitis_delta_virus_dFr2158	midpoint_rerooted_NC_076108.1.fa	327	523	479	329	0	16
Hepatovirus_A	treetime_rerooted_NC_001489.1.fa	2199	1051	1597	2631	0	0
Hop_stunt_viroid	outgroup_rerooted_NC_001351.1.fa	60	89	81	72	0	0
Horsepox_virus	midpoint_rerooted_NC_066642.1.fa	70841	35704	35340	70748	0	0
Human_T_cell_leukemia_virus_type_I	midpoint_rerooted_NC_001436.1.fa	1986	3005	1547	1969	0	0
Human_adenovirus_1	midpoint_rerooted_AC_000017.1.fa	8296	10226	9893	7586	0	0
Human_adenovirus_2	midpoint_rerooted_AC_000007.1.fa	8285	10214	9863	7575	0	0
Human_adenovirus_35	treetime_rerooted_AC_000019.1.fa	8642	9041	9011	8100	0	0
Human_adenovirus_5	midpoint_rerooted_AC_000008.1.fa	8265	10191	9881	7601	0	0
Human_adenovirus_54	midpoint_rerooted_NC_012959.1.fa	7804	10021	10031	7064	0	0
Human_adenovirus_7	treetime_rerooted_AC_000018.1.fa	9263	8771	8661	8819	0	0
Human_alphaherpesvirus_1	midpoint_rerooted_NC_001806.2.fa	24194	51484	52579	23965	0	0
Human_alphaherpesvirus_2	midpoint_rerooted_NC_001798.2.fa	22982	54192	54681	22820	0	0
Human_alphaherpesvirus_3	treetime_rerooted_NC_001348.1.fa	33779	29310	28184	33611	0	0
Human_betaherpesvirus_5	midpoint_rerooted_NC_006273.2.fa	50240	67552	68649	49205	0	0
Human_bocavirus_3	treetime_rerooted_NC_012564.1.fa	1785	1123	1029	1305	0	0
Human_coronavirus_229E	treetime_rerooted_NC_002645.1.fa	7470	4461	5898	9488	0	0
Human_coronavirus_NL63	treetime_rerooted_NC_005831.2.fa	7247	3985	5526	10795	0	0
Human_coronavirus_OC43	treetime_rerooted_NC_006213.1.fa	8470	4558	6704	11009	0	0
Human_gammaherpesvirus_4	midpoint_rerooted_NC_007605.1.fa	33949	51101	51193	35580	0	0
Human_gammaherpesvirus_8	treetime_rerooted_NC_009333.1.fa	32349	38300	35971	31349	0	0
Human_herpesvirus_4_type_2	midpoint_rerooted_NC_009334.1.fa	34021	51530	51518	35695	0	0
Human_immunodeficiency_virus_1	treetime_rerooted_NC_001802.1.fa	3349	1623	2182	2027	0	0
Human_immunodeficiency_virus_2	midpoint_rerooted_NC_001722.1.fa	3658	2085	2483	2133	0	0
Human_mastadenovirus_B_Human_adenovirus_11	midpoint_rerooted_NC_011202.1.fa	8630	9057	9015	8092	0	0
Human_mastadenovirus_B_Human_adenovirus_3	outgroup_rerooted_NC_011203.1.fa	8488	9621	9419	7815	0	0
Human_mastadenovirus_C	midpoint_rerooted_NC_001405.1.fa	8280	10196	9852	7609	0	0
Human_mastadenovirus_D_Human_adenovirus_type_17	midpoint_rerooted_AC_000006.1.fa	7894	10033	10073	7096	1	3
Human_mastadenovirus_E	midpoint_rerooted_NC_003266.2.fa	7664	10720	10587	7023	0	0
Human_mastadenovirus_F	midpoint_rerooted_NC_001454.1.fa	8531	8984	8553	8146	0	0
Human_metapneumovirus	treetime_rerooted_NC_039199.1.fa	5171	2228	2539	3412	0	0
Human_orthopneumovirus_B1	midpoint_rerooted_NC_001781.1.fa	6008	2704	2359	4154	0	0
Human_orthopneumovirus_NC_038235_1	midpoint_rerooted_NC_038235.1.fa	5941	2697	2372	4212	0	0
Human_papillomavirus_16	midpoint_rerooted_NC_001526.4.fa	2608	1373	1502	2423	0	0
Human_papillomavirus_type_53	midpoint_rerooted_NC_001593.1.fa	2527	1421	1608	2300	0	0
Human_papillomavirus_type_6b	midpoint_rerooted_NC_001355.1.fa	2443	1538	1704	2217	0	0
Human_parechovirus_1	treetime_rerooted_NC_038319.1.fa	2491	1301	1400	2147	0	0
Human_parvovirus_B19	midpoint_rerooted_NC_000883.2.fa	1660	1166	1277	1493	0	0
Human_respiratory_syncytial_virus_A	midpoint_rerooted_NC_001803.1.fa	5911	2676	2377	4227	0	0
Human_respirovirus_1	treetime_rerooted_NC_003461.1.fa	5746	2690	2981	4183	0	0
Human_respirovirus_3_Guangzhou	treetime_rerooted_NC_075446.1.fa	5971	2569	2806	4116	0	0
Human_respirovirus_3_NC_001796_2	treetime_rerooted_NC_001796.2.fa	5969	2567	2809	4117	0	0
Human_rhinovirus_NAT001	treetime_rerooted_NC_038878.1.fa	2297	1538	1433	1676	0	0
Infectious_bronchitis_virus_Beaudette	treetime_rerooted_NC_001451.1.fa	7913	4463	6075	9157	0	0
Infectious_bronchitis_virus_Ind_TN92_03	treetime_rerooted_NC_048213.1.fa	8022	4316	5942	9184	0	0
Infectious_bursal_disease_virus_1977_from_Schobries_et_al_1977_A	midpoint_rerooted_NC_077769.1.fa	862	938	850	611	0	0
Infectious_bursal_disease_virus_1977_from_Schobries_et_al_1977_B	midpoint_rerooted_NC_077770.1.fa	784	801	723	519	0	0
Infectious_bursal_disease_virus_UK661_A	midpoint_rerooted_NC_004178.1.fa	864	897	820	602	0	0
Infectious_bursal_disease_virus_UK661_B	midpoint_rerooted_NC_004179.1.fa	762	756	693	504	0	0
Infectious_pancreatic_necrosis_virus_A	midpoint_rerooted_NC_001915.1.fa	900	928	789	480	0	0
Infectious_pancreatic_necrosis_virus_B	midpoint_rerooted_NC_001916.1.fa	889	828	668	399	0	0
Influenza_A_virus_A_California_07_2009_H1N1_1	treetime_rerooted_NC_026438.1.fa	759	425	594	502	0	0
Influenza_A_virus_A_California_07_2009_H1N1_2	treetime_rerooted_NC_026435.1.fa	855	431	483	505	0	0
Influenza_A_virus_A_California_07_2009_H1N1_3	treetime_rerooted_NC_026437.1.fa	720	432	511	487	0	1
Influenza_A_virus_A_California_07_2009_H1N1_4	treetime_rerooted_NC_026433.1.fa	585	319	385	410	0	2
Influenza_A_virus_A_California_07_2009_H1N1_5	treetime_rerooted_NC_026436.1.fa	479	299	398	320	0	1
Influenza_A_virus_A_California_07_2009_H1N1_6	treetime_rerooted_NC_026434.1.fa	435	255	338	382	0	0
Influenza_A_virus_A_California_07_2009_H1N1_7	treetime_rerooted_NC_026431.1.fa	273	217	265	227	0	0
Influenza_A_virus_A_California_07_2009_H1N1_8	treetime_rerooted_NC_026432.1.fa	278	172	205	208	0	0
Influenza_A_virus_A_Hong_Kong_1073_99_H9N2_1	treetime_rerooted_NC_004910.1.fa	788	450	598	505	0	0
Influenza_A_virus_A_Hong_Kong_1073_99_H9N2_2	treetime_rerooted_NC_004911.1.fa	875	443	490	520	0	0
Influenza_A_virus_A_Hong_Kong_1073_99_H9N2_3	treetime_rerooted_NC_004912.1.fa	754	440	518	513	0	0
Influenza_A_virus_A_Hong_Kong_1073_99_H9N2_4	treetime_rerooted_NC_004908.1.fa	590	330	384	410	0	0
Influenza_A_virus_A_Hong_Kong_1073_99_H9N2_5	treetime_rerooted_NC_004905.2.fa	532	307	395	323	0	0
Influenza_A_virus_A_Hong_Kong_1073_99_H9N2_6	treetime_rerooted_NC_004909.1.fa	432	269	339	378	0	0
Influenza_A_virus_A_Hong_Kong_1073_99_H9N2_7	treetime_rerooted_NC_004907.1.fa	291	219	278	237	0	0
Influenza_A_virus_A_Hong_Kong_1073_99_H9N2_8	treetime_rerooted_NC_004906.1.fa	281	174	215	220	0	0
Influenza_A_virus_A_Korea_426_1968_H2N2_1	treetime_rerooted_NC_007378.1.fa	815	438	562	526	0	0
Influenza_A_virus_A_Korea_426_1968_H2N2_2	treetime_rerooted_NC_007375.1.fa	823	468	536	513	1	0
Influenza_A_virus_A_Korea_426_1968_H2N2_3	treetime_rerooted_NC_007376.1.fa	770	434	503	526	0	0
Influenza_A_virus_A_Korea_426_1968_H2N2_4	treetime_rerooted_NC_007374.1.fa	637	317	399	420	0	0
Influenza_A_virus_A_Korea_426_1968_H2N2_5	treetime_rerooted_NC_007381.1.fa	493	298	387	319	0	0
Influenza_A_virus_A_Korea_426_1968_H2N2_6	treetime_rerooted_NC_007382.1.fa	432	271	339	368	0	0
Influenza_A_virus_A_Korea_426_1968_H2N2_7	treetime_rerooted_NC_007377.1.fa	289	219	278	241	0	0
Influenza_A_virus_A_Korea_426_1968_H2N2_8	treetime_rerooted_NC_007380.1.fa	270	165	196	207	0	0
Influenza_A_virus_A_New_York_392_2004_H3N2_1	treetime_rerooted_NC_007373.1.fa	810	425	589	517	0	0
Influenza_A_virus_A_New_York_392_2004_H3N2_2	treetime_rerooted_NC_007372.1.fa	825	464	534	518	0	0
Influenza_A_virus_A_New_York_392_2004_H3N2_3	treetime_rerooted_NC_007371.1.fa	748	440	525	520	0	0
Influenza_A_virus_A_New_York_392_2004_H3N2_4	treetime_rerooted_NC_007366.1.fa	567	354	414	427	0	0
Influenza_A_virus_A_New_York_392_2004_H3N2_5	treetime_rerooted_NC_007369.1.fa	544	303	382	337	0	0
Influenza_A_virus_A_New_York_392_2004_H3N2_6	treetime_rerooted_NC_007368.1.fa	454	281	348	384	0	0
Influenza_A_virus_A_New_York_392_2004_H3N2_7	treetime_rerooted_NC_007367.1.fa	290	219	278	240	0	0
Influenza_A_virus_A_New_York_392_2004_H3N2_8	treetime_rerooted_NC_007370.1.fa	299	181	203	207	0	0
Influenza_A_virus_A_Puerto_Rico_8_1934_H1N1_1	treetime_rerooted_NC_002023.1.fa	844	430	550	517	0	0
Influenza_A_virus_A_Puerto_Rico_8_1934_H1N1_2	treetime_rerooted_NC_002021.1.fa	828	460	535	518	0	0
Influenza_A_virus_A_Puerto_Rico_8_1934_H1N1_3	treetime_rerooted_NC_002022.1.fa	749	421	520	543	0	0
Influenza_A_virus_A_Puerto_Rico_8_1934_H1N1_4	treetime_rerooted_NC_002017.1.fa	615	338	404	421	0	0
Influenza_A_virus_A_Puerto_Rico_8_1934_H1N1_5	treetime_rerooted_NC_002019.1.fa	515	309	410	331	0	0
Influenza_A_virus_A_Puerto_Rico_8_1934_H1N1_6	treetime_rerooted_NC_002018.1.fa	431	260	342	380	0	0
Influenza_A_virus_A_Puerto_Rico_8_1934_H1N1_7	treetime_rerooted_NC_002016.1.fa	294	221	272	240	0	0
Influenza_A_virus_A_Puerto_Rico_8_1934_H1N1_8	treetime_rerooted_NC_002020.1.fa	296	175	208	211	0	0
Influenza_A_virus_A_Shanghai_02_2013_H7N9_1	treetime_rerooted_NC_026422.1.fa	794	422	566	498	0	0
Influenza_A_virus_A_Shanghai_02_2013_H7N9_2	treetime_rerooted_NC_026423.1.fa	842	443	491	521	0	0
Influenza_A_virus_A_Shanghai_02_2013_H7N9_3	treetime_rerooted_NC_026424.1.fa	714	436	526	500	0	0
Influenza_A_virus_A_Shanghai_02_2013_H7N9_4	treetime_rerooted_NC_026425.1.fa	581	332	406	389	0	0
Influenza_A_virus_A_Shanghai_02_2013_H7N9_5	treetime_rerooted_NC_026426.1.fa	496	304	391	315	0	0
Influenza_A_virus_A_Shanghai_02_2013_H7N9_6	treetime_rerooted_NC_026429.1.fa	465	295	334	303	0	1
Influenza_A_virus_A_Shanghai_02_2013_H7N9_7	treetime_rerooted_NC_026427.1.fa	277	212	266	230	0	0
Influenza_A_virus_A_Shanghai_02_2013_H7N9_8	treetime_rerooted_NC_026428.1.fa	264	170	203	204	0	0
Influenza_A_virus_A_goose_Guangdong_1_1996_H5N1_1	treetime_rerooted_NC_007357.1.fa	840	427	552	522	0	0
Influenza_A_virus_A_goose_Guangdong_1_1996_H5N1_2	treetime_rerooted_NC_007358.1.fa	819	465	541	516	0	0
Influenza_A_virus_A_goose_Guangdong_1_1996_H5N1_3	treetime_rerooted_NC_007359.1.fa	772	439	498	524	0	0
Influenza_A_virus_A_goose_Guangdong_1_1996_H5N1_4	treetime_rerooted_NC_007362.1.fa	632	316	379	433	0	0
Influenza_A_virus_A_goose_Guangdong_1_1996_H5N1_5	treetime_rerooted_NC_007360.1.fa	499	309	421	336	0	0
Influenza_A_virus_A_goose_Guangdong_1_1996_H5N1_6	treetime_rerooted_NC_007361.1.fa	450	264	347	397	0	0
Influenza_A_virus_A_goose_Guangdong_1_1996_H5N1_7	treetime_rerooted_NC_007363.1.fa	293	220	274	240	0	0
Influenza_A_virus_A_goose_Guangdong_1_1996_H5N1_8	treetime_rerooted_NC_007364.1.fa	272	184	199	210	0	0
Influenza_B_virus_B_Lee_1940_1	treetime_rerooted_NC_002204.1.fa	860	408	523	577	0	0
Influenza_B_virus_B_Lee_1940_2	treetime_rerooted_NC_002205.1.fa	882	360	528	543	0	0
Influenza_B_virus_B_Lee_1940_3	treetime_rerooted_NC_002206.1.fa	821	339	512	532	0	0
Influenza_B_virus_B_Lee_1940_4	treetime_rerooted_NC_002207.1.fa	631	399	395	457	0	0
Influenza_B_virus_B_Lee_1940_5	treetime_rerooted_NC_002208.1.fa	645	359	423	414	0	0
Influenza_B_virus_B_Lee_1940_6	treetime_rerooted_NC_002209.1.fa	509	303	348	397	0	0
Influenza_B_virus_B_Lee_1940_7	treetime_rerooted_NC_002210.1.fa	443	200	266	282	0	0
Influenza_B_virus_B_Lee_1940_8	treetime_rerooted_NC_002211.1.fa	389	196	250	261	0	0
Influenza_C_virus_C_Ann_Arbor_1_50_1	treetime_rerooted_NC_006307.2.fa	888	359	506	612	0	0
Influenza_C_virus_C_Ann_Arbor_1_50_2	treetime_rerooted_NC_006308.2.fa	895	352	487	629	0	0
Influenza_C_virus_C_Ann_Arbor_1_50_3	treetime_rerooted_NC_006309.2.fa	835	332	447	569	0	0
Influenza_C_virus_C_Ann_Arbor_1_50_4	midpoint_rerooted_NC_006310.2.fa	689	377	443	564	0	0
Influenza_C_virus_C_Ann_Arbor_1_50_5	treetime_rerooted_NC_006311.1.fa	674	308	388	437	0	0
Influenza_C_virus_C_Ann_Arbor_1_50_6	midpoint_rerooted_NC_006312.2.fa	434	200	255	291	0	0
Influenza_C_virus_C_Ann_Arbor_1_50_7	midpoint_rerooted_NC_006306.2.fa	330	172	179	254	0	0
Influenza_D_virus_D_swine_Oklahoma_1334_2011_1	treetime_rerooted_NC_036616.1.fa	844	379	573	568	0	0
Influenza_D_virus_D_swine_Oklahoma_1334_2011_2	treetime_rerooted_NC_036615.1.fa	840	405	537	548	0	0
Influenza_D_virus_D_swine_Oklahoma_1334_2011_3	treetime_rerooted_NC_036619.1.fa	806	354	512	523	0	0
Influenza_D_virus_D_swine_Oklahoma_1334_2011_4	treetime_rerooted_NC_036618.1.fa	634	389	499	527	0	0
Influenza_D_virus_D_swine_Oklahoma_1334_2011_5	treetime_rerooted_NC_036617.1.fa	601	316	455	403	0	0
Influenza_D_virus_D_swine_Oklahoma_1334_2011_6	treetime_rerooted_NC_036620.1.fa	423	194	330	272	0	0
Influenza_D_virus_D_swine_Oklahoma_1334_2011_7	treetime_rerooted_NC_036621.1.fa	279	146	217	226	0	0
Isavirus_salaris_3	midpoint_rerooted_NC_006502.1.fa	675	381	542	448	0	0
Isavirus_salaris_4	midpoint_rerooted_NC_006501.1.fa	638	302	434	404	0	9
Isavirus_salaris_5	midpoint_rerooted_NC_006500.2.fa	492	240	355	387	0	0
Isavirus_salaris_6	midpoint_rerooted_NC_006499.1.fa	401	258	308	356	0	0
JC_polyomavirus	midpoint_rerooted_NC_001699.1.fa	1527	1035	1040	1528	0	0
Japanese_encephalitis_virus	midpoint_rerooted_NC_001437.1.fa	3050	2568	3130	2228	0	0
Lelystad_virus	treetime_rerooted_NC_043487.1.fa	3216	4199	3861	3835	0	0
Lumpy_skin_disease_virus_NI_2490	treetime_rerooted_NC_003027.1.fa	56740	19173	19913	54947	0	0
Lyssavirus_rabies	treetime_rerooted_NC_001542.1.fa	3394	2613	2775	3150	0	0
Maize_streak_virus_A_Ama	treetime_rerooted_NC_001346.2.fa	685	609	682	713	0	0
Maize_streak_virus_A_South_Africa	treetime_rerooted_NC_075135.1.fa	681	618	684	707	0	0
Mamastrovirus_1	treetime_rerooted_NC_030922.1.fa	2079	1420	1471	1703	0	0
Mammalian_orthoreovirus_3_Dearing_L1	treetime_rerooted_NC_077839.1.fa	1035	774	968	1083	0	0
Mammalian_orthoreovirus_3_Dearing_L2	treetime_rerooted_NC_077840.1.fa	1013	796	949	1158	0	0
Mammalian_orthoreovirus_3_Dearing_L3	treetime_rerooted_NC_077842.1.fa	1046	890	927	1038	0	0
Mammalian_orthoreovirus_3_Dearing_M1	midpoint_rerooted_NC_077841.1.fa	602	462	577	663	0	0
Mammalian_orthoreovirus_3_Dearing_M2	treetime_rerooted_NC_077843.1.fa	606	458	568	575	0	0
Mammalian_orthoreovirus_3_Dearing_M3	treetime_rerooted_NC_077845.1.fa	576	485	562	618	0	0
Mammalian_orthoreovirus_3_Dearing_S1	midpoint_rerooted_NC_077844.1.fa	388	283	353	392	0	0
Mammalian_orthoreovirus_3_Dearing_S2	treetime_rerooted_NC_077846.1.fa	333	277	330	391	0	0
Mammalian_orthoreovirus_3_Dearing_S3	treetime_rerooted_NC_077837.1.fa	295	254	311	338	0	0
Mammalian_orthoreovirus_3_Dearing_S4	treetime_rerooted_NC_077838.1.fa	300	249	326	321	0	0
Mammalian_orthoreovirus_3_L1	treetime_rerooted_NC_013225.1.fa	1032	749	949	1074	0	0
Mammalian_orthoreovirus_3_L2	treetime_rerooted_NC_013226.1.fa	993	796	947	1134	0	0
Mammalian_orthoreovirus_3_L3	treetime_rerooted_NC_013229.1.fa	1054	908	919	1007	0	0
Mammalian_orthoreovirus_3_M1	midpoint_rerooted_NC_013227.1.fa	591	443	560	657	0	0
Mammalian_orthoreovirus_3_M2	treetime_rerooted_NC_013228.1.fa	601	428	543	555	0	0
Mammalian_orthoreovirus_3_M3	treetime_rerooted_NC_013230.1.fa	571	489	565	616	0	0
Mammalian_orthoreovirus_3_S1	midpoint_rerooted_NC_013231.1.fa	385	262	335	386	0	0
Mammalian_orthoreovirus_3_S2	treetime_rerooted_NC_013232.1.fa	334	283	330	384	0	0
Mammalian_orthoreovirus_3_S3	treetime_rerooted_NC_013233.1.fa	297	254	309	338	0	0
Mammalian_orthoreovirus_3_S4	treetime_rerooted_NC_013234.1.fa	278	219	296	305	0	0
Mammarenavirus_lassaense_L	treetime_rerooted_NC_004297.1.fa	2193	1711	1208	2167	0	0
Measles_morbillivirus	treetime_rerooted_NC_001498.1.fa	4647	3813	3729	3705	0	0
Middle_East_respiratory_syndrome_related_coronavirus	treetime_rerooted_NC_019843.3.fa	7895	6116	6314	9794	0	0
Mogiana_tick_virus_MGTV_V4_11_1	treetime_rerooted_NC_034222.1.fa	893	724	850	496	0	0
Mogiana_tick_virus_MGTV_V4_11_2	treetime_rerooted_NC_034225.1.fa	610	786	711	522	0	0
Mogiana_tick_virus_MGTV_V4_11_3	treetime_rerooted_NC_034223.1.fa	743	692	800	470	0	0
Mogiana_tick_virus_MGTV_V4_11_4	treetime_rerooted_NC_034224.1.fa	721	725	755	527	0	0
Mogiana_tick_virus_SY84_1	treetime_rerooted_NC_024113.1.fa	959	733	888	534	0	0
Mogiana_tick_virus_SY84_2	treetime_rerooted_NC_024112.1.fa	745	779	754	569	0	0
Mogiana_tick_virus_SY84_3	treetime_rerooted_NC_024114.1.fa	801	706	825	492	0	0
Mogiana_tick_virus_SY84_4	treetime_rerooted_NC_024111.1.fa	767	727	767	533	0	0
Monkeypox_virus_IIb	treetime_rerooted_NC_063383.1.fa	66127	32642	32616	65824	0	0
Monkeypox_virus_Ia	treetime_rerooted_NC_003310.1.fa	66018	32508	32548	65784	0	0
Mumps_orthorubulavirus	treetime_rerooted_NC_002200.1.fa	4764	3387	3127	4106	0	0
Norovirus_GII_17	treetime_rerooted_NC_039475.1.fa	2122	1962	1789	1683	0	0
Norovirus_GII_2	treetime_rerooted_NC_039476.1.fa	2088	1959	1847	1642	0	0
Norovirus_GII_Hu_JP_2007_GII_P15_GII_15_Sapporo_HK299	treetime_rerooted_NC_044045.1.fa	2073	1903	1902	1673	0	0
Norovirus_GII_Hu_JP_2011_GII_Yuzawa_Gira2HS	treetime_rerooted_NC_044046.1.fa	2241	1873	1824	1605	0	0
Norovirus_GII_NORO_176_1_17_12_2015	treetime_rerooted_NC_040876.1.fa	2071	1906	1889	1655	0	0
Norovirus_GII_NORO_226_06_01_2016	treetime_rerooted_NC_039477.1.fa	2135	1960	1809	1663	0	0
Norovirus_GI_Hu_BD_2011_GI_7_PNA2_Dhaka1882	treetime_rerooted_NC_044856.1.fa	2165	1896	1863	1810	0	0
Norovirus_GI_Hu_JP_1998_GI_6_PNA4_No20_Saitama_98_17	treetime_rerooted_NC_044853.1.fa	2081	1860	1900	1836	0	0
Norovirus_GI_Hu_JP_2007_GI_P3_GI_3_Shimizu_KK2866	treetime_rerooted_NC_039897.1.fa	2178	1897	1861	1807	0	2
Norovirus_GV	treetime_rerooted_NC_008311.1.fa	1525	2218	2084	1555	0	0
Norwalk_like_virus	treetime_rerooted_NC_029646.1.fa	2063	1974	1824	1657	0	0
Orbivirus_alphaequi_1	treetime_rerooted_NC_006021.1.fa	1253	631	986	1095	0	0
Orbivirus_alphaequi_10	midpoint_rerooted_NC_006009.1.fa	230	128	208	192	0	0
Orbivirus_alphaequi_3	treetime_rerooted_NC_006017.1.fa	840	508	691	753	0	0
Orbivirus_alphaequi_4	treetime_rerooted_NC_006012.1.fa	594	298	537	549	0	0
Orbivirus_alphaequi_5	treetime_rerooted_NC_006020.1.fa	523	287	441	497	0	0
Orbivirus_alphaequi_7	treetime_rerooted_NC_006011.1.fa	324	243	303	309	0	0
Orbivirus_alphaequi_8	treetime_rerooted_NC_006016.1.fa	360	175	341	290	0	0
Oropouche_virus_L	treetime_rerooted_NC_005776.1.fa	2583	1080	1248	1935	0	0
Oropouche_virus_M	treetime_rerooted_NC_005775.1.fa	1581	698	825	1281	0	0
Oropouche_virus_S	treetime_rerooted_NC_005777.1.fa	203	164	187	200	0	0
Orthohantavirus_hantanense_L	treetime_rerooted_NC_005222.1.fa	2268	925	1294	2046	0	0
Orthohantavirus_hantanense_NC_005218_1	treetime_rerooted_NC_005218.1.fa	523	325	405	443	0	0
Orthohantavirus_hantanense_NC_005219_1	treetime_rerooted_NC_005219.1.fa	1157	640	744	1075	0	0
Orthohantavirus_seoulense_L	treetime_rerooted_NC_005238.1.fa	2223	1001	1319	1987	0	0
Orthohantavirus_seoulense_M	treetime_rerooted_NC_005237.1.fa	1157	628	732	1134	0	0
Orthohantavirus_seoulense_S	treetime_rerooted_NC_005236.1.fa	567	335	401	466	0	0
Orthonairovirus_haemorrhagiae_L	treetime_rerooted_NC_005301.3.fa	3976	2410	2622	3100	0	0
Orthonairovirus_haemorrhagiae_M	treetime_rerooted_NC_005300.2.fa	1729	1240	1122	1275	0	0
Orthonairovirus_haemorrhagiae_S	treetime_rerooted_NC_005302.1.fa	491	403	396	382	0	0
Orthopoxvirus_vaccinia	midpoint_rerooted_NC_006998.1.fa	65009	32620	32357	64725	0	0
Orthotospovirus_tomatomaculae_L	treetime_rerooted_NC_002052.1.fa	3357	1301	1710	2529	0	0
Orthotospovirus_tomatomaculae_M	midpoint_rerooted_NC_002050.1.fa	1558	852	841	1570	0	0
Orthotospovirus_tomatomaculae_S	midpoint_rerooted_NC_002051.1.fa	924	553	469	970	0	0
Papaya_ringspot_virus	midpoint_rerooted_NC_001785.1.fa	3295	1832	2407	2792	0	0
Parechovirus_A	treetime_rerooted_NC_001897.1.fa	2418	1374	1497	2059	0	0
Paslahepevirus_balayani_NC_074955_1	treetime_rerooted_NC_074955.1.fa	1128	2223	1894	1962	0	0
Peach_latent_mosaic_viroid	midpoint_rerooted_NC_003636.1.fa	79	92	91	75	0	0
Pepino_mosaic_virus	midpoint_rerooted_NC_004067.1.fa	2135	1451	1135	1729	0	0
Peste_des_petits_ruminants_virus	treetime_rerooted_NC_006383.2.fa	4663	3821	3805	3659	0	0
Piscine_orthoreovirus_L1	midpoint_rerooted_NC_036476.1.fa	1002	987	863	1059	0	0
Piscine_orthoreovirus_L2	treetime_rerooted_NC_036468.1.fa	1024	877	887	1146	0	0
Piscine_orthoreovirus_L3	treetime_rerooted_NC_036477.1.fa	1099	892	856	1069	0	0
Piscine_orthoreovirus_M1	treetime_rerooted_NC_036469.1.fa	582	617	536	648	0	0
Piscine_orthoreovirus_M2	treetime_rerooted_NC_036470.1.fa	606	525	523	525	0	0
Piscine_orthoreovirus_M3	treetime_rerooted_NC_036471.1.fa	573	596	592	642	0	0
Piscine_orthoreovirus_S1	treetime_rerooted_NC_036472.1.fa	312	254	269	246	0	0
Piscine_orthoreovirus_S2	treetime_rerooted_NC_036473.1.fa	317	320	323	369	0	0
Piscine_orthoreovirus_S3	treetime_rerooted_NC_036474.1.fa	281	305	230	325	0	0
Piscine_orthoreovirus_S4	midpoint_rerooted_NC_036475.1.fa	269	239	268	264	0	0
Plum_pox_virus	treetime_rerooted_NC_001445.1.fa	3053	1894	2252	2542	0	0
Porcine_circovirus_2_AUT1	treetime_rerooted_NC_005148.1.fa	453	360	494	461	0	0
Porcine_circovirus_2_JX0301	treetime_rerooted_NC_006232.1.fa	506	395	449	417	0	0
Porcine_circovirus_3	midpoint_rerooted_NC_031753.1.fa	431	369	640	560	0	0
Porcine_epidemic_diarrhea_virus	treetime_rerooted_NC_003436.1.fa	6961	5353	6363	9356	0	0
Porcine_kobuvirus	treetime_rerooted_NC_027054.1.fa	1665	2552	1671	2233	0	0
Porcine_kobuvirus_SH_W_CHN_2010_China	treetime_rerooted_NC_016769.1.fa	1648	2587	1706	2269	0	0
Porcine_kobuvirus_swine_S_1_HUN_2007_Hungary	treetime_rerooted_NC_011829.1.fa	1662	2601	1697	2250	0	0
Porcine_reproductive_and_respiratory_syndrome_virus	treetime_rerooted_NC_001961.1.fa	3316	4087	4082	3943	0	0
Porcine_reproductive_and_respiratory_syndrome_virus_2	treetime_rerooted_NC_038291.1.fa	3338	4173	4055	3845	0	0
Potato_spindle_tuber_viroid	midpoint_rerooted_NC_002030.1.fa	72	107	100	80	0	0
Potato_virus_Y	treetime_rerooted_NC_001616.1.fa	3032	1791	2266	2615	0	0
Primate_T_lymphotropic_virus_1	treetime_rerooted_NC_000858.1.fa	2118	3152	1677	2081	0	0
Primate_norovirus	treetime_rerooted_NC_031324.1.fa	2171	1870	1874	1837	0	1
Rabbit_hemorrhagic_disease_virus	treetime_rerooted_NC_001543.1.fa	1872	1863	1936	1766	0	0
Rice_black_streaked_dwarf_virus_1	treetime_rerooted_NC_003729.1.fa	1492	637	802	1570	0	0
Rice_black_streaked_dwarf_virus_10	treetime_rerooted_NC_003733.1.fa	582	331	323	565	0	0
Rice_black_streaked_dwarf_virus_5	treetime_rerooted_NC_003736.1.fa	1014	610	573	967	0	0
Rice_black_streaked_dwarf_virus_8	treetime_rerooted_NC_003732.1.fa	609	332	331	664	0	0
Rice_yellow_mottle_virus	midpoint_rerooted_NC_001575.2.fa	966	1162	1281	1040	0	0
Rift_Valley_fever_virus_L	treetime_rerooted_NC_014397.1.fa	1887	1261	1535	1721	0	0
Rift_Valley_fever_virus_M	treetime_rerooted_NC_014396.1.fa	1059	785	987	1054	0	0
Rift_Valley_fever_virus_S	treetime_rerooted_NC_014395.1.fa	397	441	390	462	0	0
Rotavirus_A_1	treetime_rerooted_NC_011507.2.fa	1362	376	480	1084	0	0
Rotavirus_A_10	treetime_rerooted_NC_011504.2.fa	268	121	151	211	0	0
Rotavirus_A_11	treetime_rerooted_NC_011505.2.fa	235	118	123	191	0	0
Rotavirus_A_2	treetime_rerooted_NC_011506.2.fa	1128	332	400	833	0	0
Rotavirus_A_3	treetime_rerooted_NC_011508.2.fa	1047	293	349	902	0	0
Rotavirus_A_4	treetime_rerooted_NC_011510.2.fa	965	320	365	712	0	0
Rotavirus_A_6	treetime_rerooted_NC_011509.2.fa	487	204	232	433	0	0
Rotavirus_A_7	treetime_rerooted_NC_011501.2.fa	423	142	200	340	0	0
Rotavirus_A_8	treetime_rerooted_NC_011502.2.fa	393	138	182	346	0	0
Rotavirus_A_9	treetime_rerooted_NC_011503.2.fa	404	135	165	358	0	0
Rotavirus_C_1	treetime_rerooted_NC_007547.1.fa	1311	440	542	1016	0	0
Rotavirus_C_2	treetime_rerooted_NC_007546.1.fa	1100	337	421	878	0	0
Rotavirus_C_4	treetime_rerooted_NC_007574.1.fa	880	250	354	682	0	0
Rotavirus_C_5	treetime_rerooted_NC_007570.1.fa	484	203	229	437	0	0
Rotavirus_C_6	treetime_rerooted_NC_007543.1.fa	528	134	261	427	0	0
Rotavirus_C_8	midpoint_rerooted_NC_007571.1.fa	389	129	174	371	0	0
Rotavirus_C_9	treetime_rerooted_NC_007545.1.fa	384	135	195	323	0	0
Rubella_virus_F_Therien	treetime_rerooted_NC_001545.2.fa	1460	3847	3018	1437	0	0
Rubella_virus_RVi_Bismarck_ND_USA_23_08_2B	treetime_rerooted_NC_076948.1.fa	1464	3845	3013	1439	0	0
SFTS_virus_HB29_L	treetime_rerooted_NC_018136.1.fa	1769	1399	1710	1490	0	0
SFTS_virus_HB29_M	treetime_rerooted_NC_018138.1.fa	868	703	963	844	0	0
SFTS_virus_HB29_S	treetime_rerooted_NC_018137.1.fa	456	411	445	432	0	0
Sapovirus_C12	treetime_rerooted_NC_006554.1.fa	1893	2089	1838	1655	0	1
Sapovirus_Hu_Dresden_pJG_Sap01_DE	treetime_rerooted_NC_006269.1.fa	1899	1935	1870	1725	0	0
Sapovirus_Hu_GI_Sapporo_MT_2010_1982	treetime_rerooted_NC_075724.1.fa	1904	1923	1867	1739	0	0
Sapovirus_Mc10	treetime_rerooted_NC_010624.1.fa	1878	2078	1838	1664	0	0
Severe_fever_with_thrombocytopenia_syndrome_virus_L	treetime_rerooted_NC_043450.1.fa	1748	1380	1675	1452	0	0
Severe_fever_with_thrombocytopenia_syndrome_virus_M	treetime_rerooted_NC_043451.1.fa	863	685	949	839	0	0
Severe_fever_with_thrombocytopenia_syndrome_virus_S	treetime_rerooted_NC_043452.1.fa	427	428	397	429	0	0
Simian_Agent_10	treetime_rerooted_NC_038270.1.fa	5970	2571	2808	4113	0	0
Simian_adenovirus_21	treetime_rerooted_AC_000010.1.fa	9279	8715	8656	8874	0	0
Simian_adenovirus_25	outgroup_rerooted_AC_000011.1.fa	7891	10771	10607	7250	0	0
Sugarcane_mosaic_virus	treetime_rerooted_NC_003398.1.fa	3424	1817	1941	2414	0	0
Suid_alphaherpesvirus_1_Composite_of_6_strains	treetime_rerooted_NC_006151.1.fa	18920	52897	52644	19000	0	0
Suid_alphaherpesvirus_1_Kaplan	treetime_rerooted_NC_075689.1.fa	18336	52016	51484	18541	0	0
Swine_enteric_coronavirus	treetime_rerooted_NC_028806.1.fa	8325	4660	5835	9291	0	0
Tick_borne_encephalitis_virus	treetime_rerooted_NC_001672.1.fa	2774	2604	3571	2192	0	0
Tomato_leaf_curl_New_Delhi_virus_DNA_A	midpoint_rerooted_NC_004611.1.fa	748	585	610	796	0	0
Tomato_yellow_leaf_curl_virus	treetime_rerooted_NC_004005.1.fa	761	554	609	857	0	0
Torque_teno_virus_TTV_HD14a_gbDhDi33_32	treetime_rerooted_NC_015783.1.fa	1029	1100	902	678	16	0
Transmissible_gastroenteritis_virus	treetime_rerooted_NC_038861.1.fa	8481	4737	5929	9439	0	0
Trichovirus_mali	treetime_rerooted_NC_001409.1.fa	2414	1274	1798	2069	0	0
Turkey_coronavirus	treetime_rerooted_NC_010800.1.fa	8141	4314	5912	9290	0	0
Turnip_mosaic_virus	midpoint_rerooted_NC_002509.2.fa	3197	2074	2334	2230	0	0
Usutu_virus	treetime_rerooted_NC_006551.1.fa	2986	2511	3135	2434	0	0
Varroa_destructor_virus_1	treetime_rerooted_NC_006494.1.fa	2951	1638	2298	3225	0	0
Viral_hemorrhagic_septicemia_virus_Fil3	treetime_rerooted_NC_000855.1.fa	3209	2957	2704	2288	0	0
Watermelon_mosaic_virus	treetime_rerooted_NC_006262.1.fa	3255	1768	2371	2641	0	0
West_Nile_virus_385_99	treetime_rerooted_NC_009942.1.fa	3099	2524	3167	2239	0	0
West_Nile_virus_956	treetime_rerooted_NC_001563.2.fa	3043	2546	3163	2210	0	0
Yellow_fever_virus	treetime_rerooted_NC_002031.1.fa	2993	2307	3101	2461	0	0
Zaire_ebolavirus	treetime_rerooted_NC_002549.1.fa	6058	4038	3753	5110	0	0
Zika_virus_MR_766	midpoint_rerooted_NC_012532.1.fa	2984	2415	3157	2238	0	0
Zika_virus_Natal_RGN	outgroup_rerooted_NC_035889.1.fa	3125	2396	3115	2172	0	0
Zucchini_yellow_mosaic_virus	midpoint_rerooted_NC_003224.1.fa	3030	1803	2231	2527	0	0
adeno_associated_virus_2	midpoint_rerooted_NC_001401.2.fa	1149	1330	1287	913	0	0
bovine_respiratory_syncytial_virus	midpoint_rerooted_NC_001989.1.fa	6097	2463	2263	4317	0	0
canine_distemper_virus	treetime_rerooted_NC_001921.1.fa	4811	3339	3392	4148	0	0
dengue_virus_type_1	treetime_rerooted_NC_001477.1.fa	3418	2242	2786	2289	0	0
dengue_virus_type_2	treetime_rerooted_NC_001474.2.fa	3774	2224	2631	2094	0	0
dengue_virus_type_3	treetime_rerooted_NC_001475.2.fa	3448	2211	2771	2277	0	0
dengue_virus_type_4	treetime_rerooted_NC_002640.1.fa	3496	2190	2740	2223	0	0
enterovirus_A114	treetime_rerooted_NC_030454.1.fa	2041	1785	1751	1737	0	3
enterovirus_D68	treetime_rerooted_NC_038308.1.fa	2381	1467	1517	2002	0	0
hepatitis_D_virus_1	midpoint_rerooted_NC_059681.1.fa	348	501	480	347	0	0
human_papillomavirus_18	treetime_rerooted_NC_001357.1.fa	2537	1397	1576	2347	0	0
human_papillomavirus_30	midpoint_rerooted_NC_038889.1.fa	2536	1423	1597	2296	0	0
rhinovirus_A1	treetime_rerooted_NC_038311.1.fa	2613	1132	1236	2153	0	3
rhinovirus_B14	treetime_rerooted_NC_001490.1.fa	2562	1305	1324	2021	0	0
rhinovirus_B3	treetime_rerooted_NC_038312.1.fa	2533	1331	1315	2029	0	0
